Nombre de la tienda,Teléfono,Dirección,Ciudad,Código postal,Provincia,País,Página web,Google Maps,Latitud,Longitud
NÁUTICA A POUTADA,690 81 34 95,PASEO DAS CAROLINAS  8,RIBEIRA,15969,A Coruña,ES,https://www.apoutada.com/,"https://maps.google.com?daddr=PASEO%20DAS%20CAROLINAS%20%208,+RIBEIRA,+A%20Coru%C3%B1a+15969,+ES",42.56340155,-8.99169099
Ekaté Carballo,981 97 16 12,"Rúa Valle Inclán, 16",Carballo,15102,A Coruña,ES,https://www.ekate.es/,"https://maps.google.com?daddr=R%C3%BAa%20Valle%20Incl%C3%A1n%2C%2016,+Carballo,+A%20Coru%C3%B1a+15102,+ES",43.21244200,-8.69135100
El Corte Inglés,981 52 72 00,"Rúa do Restollal, 50",Santiago de Compostela,15702,A Coruña,ES,https://www.elcorteingles.es/helly-hansen/deportes/,"https://maps.google.com?daddr=R%C3%BAa%20do%20Restollal%2C%2050,+Santiago%20de%20Compostela,+A%20Coru%C3%B1a+15702,+ES",42.86255702,-8.54330140
ATLEET BARRANTES,629 38 61 52,"C/ Valle Inclan, 4",BARRANTES,36636,Pontevedra,ES,https://atleet.store/,"https://maps.google.com?daddr=C%2F%20Valle%20Inclan%2C%204,+BARRANTES,+Pontevedra+36636,+ES",42.50224940,-8.76846870
LOLITA MODA,,"RUA PARIS LOC.12B, AREA CENTRAL",SANTIAGO DE COMPOSTELA ,15707,GALICIA,ES,https://www.lolitamoda.com/,"https://maps.google.com?daddr=RUA%20PARIS%20LOC.12B%2C%20AREA%20CENTRAL,+SANTIAGO%20DE%20COMPOSTELA%20,+GALICIA+15707,+ES",42.87971500,-8.54228800
Lolita Moda,981 82 02 47,"Rúa Curro, 20",Noia,15200,A Coruña,ES,https://www.lolitamoda.com/,"https://maps.google.com?daddr=R%C3%BAa%20Curro%2C%2020,+Noia,+A%20Coru%C3%B1a+15200,+ES",42.78283720,-8.88735260
Lolita Moda,981 89 02 33,"Av. da Peregrina, 1",Bertamiráns,15220,La Coruña,ES,https://www.lolitamoda.com/,"https://maps.google.com?daddr=Av.%20da%20Peregrina%2C%201,+Bertamir%C3%A1ns,+La%20Coru%C3%B1a+15220,+ES",42.85946600,-8.65259100
Madison Av Concept Store,986 18 54 20,"Rúa do Alcalde Rey Daviña, 21",Vilagarcía de Arousa,36600,Pontevedra,ES,https://madisonav.es/,"https://maps.google.com?daddr=R%C3%BAa%20do%20Alcalde%20Rey%20Davi%C3%B1a%2C%2021,+Vilagarc%C3%ADa%20de%20Arousa,+Pontevedra+36600,+ES",42.59631000,-8.76426000
Deportes Caneda,981 57 52 78,"Rúa da Fonte de San Antonio, 25",Santiago de Compostela,15702,A Coruña,ES,https://www.patricksport.com/,"https://maps.google.com?daddr=R%C3%BAa%20da%20Fonte%20de%20San%20Antonio%2C%2025,+Santiago%20de%20Compostela,+A%20Coru%C3%B1a+15702,+ES",42.87770250,-8.54395140
Lolita Moda,981 84 43 34,"Rúa Doutor Santos Mieites, 8",Boiro,15938,La Coruña,ES,https://www.lolitamoda.com/,"https://maps.google.com?daddr=R%C3%BAa%20Doutor%20Santos%20Mieites%2C%208,+Boiro,+La%20Coru%C3%B1a+15938,+ES",42.64634000,-8.88421000
Florentino,981 74 51 24,"Avenida Fernando Blanco, 19",Cee,15270,A Coruña,ES,,"https://maps.google.com?daddr=Avenida%20Fernando%20Blanco%2C%2019,+Cee,+A%20Coru%C3%B1a+15270,+ES",42.95767383,-9.19196710
DOFER,981 74 72 47,AVENIDA FERNANDO BLANCO 13,CEE,15270,LA CORUÑA,ES,https://www.facebook.com/dofercee/,"https://maps.google.com?daddr=AVENIDA%20FERNANDO%20BLANCO%2013,+CEE,+LA%20CORU%C3%91A+15270,+ES",42.95770635,-9.19227135
EFECTOS NAVALES LITA,986 54 30 61,Almacen 7 - Lonxa,Cambados,36630,Pontevedra,ES,,"https://maps.google.com?daddr=Almacen%207%20-%20Lonxa,+Cambados,+Pontevedra+36630,+ES",42.51349346,-8.81265583
Lolita Moda Multimarca Ribeira,981 87 14 83,PLAZA PABLO NERUDA,"Ribeira, Galicia",15960,A Coruña,ES,https://www.lolitamoda.com/,"https://maps.google.com?daddr=PLAZA%20PABLO%20NERUDA,+Ribeira%2C%20Galicia,+A%20Coru%C3%B1a+15960,+ES",42.55466961,-8.99217629
Orza Nautica,986 51 18 81,"Rúa Edelmiro Trillo, 21",Vilagarcía de Arousa,36600,Pontevedra,ES,http://www.orzanautica.com/,"https://maps.google.com?daddr=R%C3%BAa%20Edelmiro%20Trillo%2C%2021,+Vilagarc%C3%ADa%20de%20Arousa,+Pontevedra+36600,+ES",42.59631000,-8.76426000
Codigo Denim,982 87 35 97,CC. As Termas,Lugo,27003,LUGO,ES,,"https://maps.google.com?daddr=CC.%20As%20Termas,+Lugo,+LUGO+27003,+ES",43.02360844,-7.56392862
SANJURJO MODA S.L.,982 51 06 06,"Rúa de Galicia, 24",Vilalba,27800,Lugo,ES,https://www.sanjurjomoda.com/,"https://maps.google.com?daddr=R%C3%BAa%20de%20Galicia%2C%2024,+Vilalba,+Lugo+27800,+ES",43.29635168,-7.68070016
LAGE MODA,981 50 00 97,C/ LUIS SEOANE 3,ARZUA,15810,LA CORUÑA,ES,https://www.confeccioneslage.com/,"https://maps.google.com?daddr=C%2F%20LUIS%20SEOANE%203,+ARZUA,+LA%20CORU%C3%91A+15810,+ES",42.92795260,-8.15960505
MEZCLA LUGO,982 25 00 79,"C/ Salvador de madariaga 14, R. San Pedro 33 BAJO",LUGO,27001,LUGO,ES,https://mezclalugo.com/,"https://maps.google.com?daddr=C%2F%20Salvador%20de%20madariaga%2014%2C%20R.%20San%20Pedro%2033%20BAJO,+LUGO,+LUGO+27001,+ES",43.01110260,-7.55583034
Baroncell SL,,"R. Alcalde Ferreiro, 4",Lalín,36519,Pontevedra,ES,https://www.baroncell.es/,"https://maps.google.com?daddr=R.%20Alcalde%20Ferreiro%2C%204,+Lal%C3%ADn,+Pontevedra+36519,+ES",42.66202900,-8.11222600
BEAGLE,982 56 34 48,AVDA CERVANTES 28B,VIVEIRO,27869,LUGO,ES,,"https://maps.google.com?daddr=AVDA%20CERVANTES%2028B,+VIVEIRO,+LUGO+27869,+ES",43.66289895,-7.59422160
El Corte Inglés,981 18 93 50,"Estrada Baños de Arteixo, 43",A Coruña,15008,,ES,https://www.elcorteingles.es/helly-hansen/deportes/,"https://maps.google.com?daddr=Estrada%20Ba%C3%B1os%20de%20Arteixo%2C%2043,+A%20Coru%C3%B1a,++15008,+ES",43.34408710,-8.42775138
Pombo,981 24 53 19,"Av. Primo de Rivera, 8",La Coruña,15006,,ES,,"https://maps.google.com?daddr=Av.%20Primo%20de%20Rivera%2C%208,+La%20Coru%C3%B1a,++15006,+ES",43.35961900,-8.40355500
URBAN STYLE,655 25 17 15,C/ REAL 130 BAJO,FERROL,15402,LA CORUÑA,ES,https://www.urbanstyleferrol.es/,"https://maps.google.com?daddr=C%2F%20REAL%20130%20BAJO,+FERROL,+LA%20CORU%C3%91A+15402,+ES",43.48292575,-8.23592470
¡Hola! Ola,981 27 93 01,"Rúa Alfredo Vicenti, 32",A Coruña,15004,,ES,http://holaola.surf,"https://maps.google.com?daddr=R%C3%BAa%20Alfredo%20Vicenti%2C%2032,+A%20Coru%C3%B1a,++15004,+ES",43.36716500,-8.41219700
¡HOLA! OLA Surf Shop Ribadeo,982 12 84 24,"Av. Leopoldo Calvo Sotelo, nº 5 y 20",Ribadeo,27700,Lugo,ES,http://holaola.surf,"https://maps.google.com?daddr=Av.%20Leopoldo%20Calvo%20Sotelo%2C%20n%C2%BA%205%20y%2020,+Ribadeo,+Lugo+27700,+ES",43.53684000,-7.04065000
mezcla,982 25 00 79,"Rúa Salvador de Madariaga, 14",Lugo,27002,,ES,https://mezclalugo.com/,"https://maps.google.com?daddr=R%C3%BAa%20Salvador%20de%20Madariaga%2C%2014,+Lugo,++27002,+ES",43.00636100,-7.55497300
Doble M,982 41 08 91,"Rúa do Comercio, 7",Monforte de Lemos,27400,Lugo,ES,,"https://maps.google.com?daddr=R%C3%BAa%20do%20Comercio%2C%207,+Monforte%20de%20Lemos,+Lugo+27400,+ES",42.52228000,-7.51351000
¡HOLA! OLA Surf Shop Foz,982 14 08 64,"Rúa Martínez Otero, 2",Foz,27780,Lugo,ES,http://holaola.surf,"https://maps.google.com?daddr=R%C3%BAa%20Mart%C3%ADnez%20Otero%2C%202,+Foz,+Lugo+27780,+ES",43.56681000,-7.25936000
Moda Vilaboy,981 45 06 32,RAMON CABANILLAS 15,Puentes de García Rodríguez,15320,La Coruña,ES,https://vilaboymoda.com/,"https://maps.google.com?daddr=RAMON%20CABANILLAS%2015,+Puentes%20de%20Garc%C3%ADa%20Rodr%C3%ADguez,+La%20Coru%C3%B1a+15320,+ES",43.44946500,-7.85411800
CAMPOBASE,647 75 94 01,QUIROGA BALLESTEROS 19 BAJO,LUGO,27001,Lugo,ES,,"https://maps.google.com?daddr=QUIROGA%20BALLESTEROS%2019%20BAJO,+LUGO,+Lugo+27001,+ES",43.01347145,-7.55906765
Jimmy,600 48 07 43,"Av. de Monforte, 14-16",Chantada,27500,Lugo,ES,,"https://maps.google.com?daddr=Av.%20de%20Monforte%2C%2014-16,+Chantada,+Lugo+27500,+ES",42.60947610,-7.76982660
base: Todo Deporte,981 77 06 34,"Rúa Profesor José Antonio Míguez, 1",Betanzos,15300,A Coruña,ES,https://www.instagram.com/grupotododeporte/,"https://maps.google.com?daddr=R%C3%BAa%20Profesor%20Jos%C3%A9%20Antonio%20M%C3%ADguez%2C%201,+Betanzos,+A%20Coru%C3%B1a+15300,+ES",43.27770905,-8.21147135
Thebes,986 57 22 48,"Rúa Calvo Sotelo, 19",A Estrada,36680,Pontevedra,ES,https://thebesmoda.com/,"https://maps.google.com?daddr=R%C3%BAa%20Calvo%20Sotelo%2C%2019,+A%20Estrada,+Pontevedra+36680,+ES",42.69004530,-8.48912400
JOSEFINA RODRIGUEZ QUIROGA,981 45 06 32,"Rua Calvo Sotelo, 90",Sarria,27600,Lugo,ES,,"https://maps.google.com?daddr=Rua%20Calvo%20Sotelo%2C%2090,+Sarria,+Lugo+27600,+ES",42.78026610,-7.41298993
MARINA SADA,981 61 90 15,"Avenida do Porto, s/n",Sada,15160,A Coruña,ES,,"https://maps.google.com?daddr=Avenida%20do%20Porto%2C%20s%2Fn,+Sada,+A%20Coru%C3%B1a+15160,+ES",43.35773685,-8.24955565
FOOT ON MARS,615 55 66 28,"Av. Constitución, 2 - Ctro. Comercial El Rosal - Loc. 240B",PONFERRADA,27400,Leon,ES,https://footonmars.com/,"https://maps.google.com?daddr=Av.%20Constituci%C3%B3n%2C%202%20-%20Ctro.%20Comercial%20El%20Rosal%20-%20Loc.%20240B,+PONFERRADA,+Leon+27400,+ES",42.55069789,-6.59952607
ZAPATERIAS ALCALA,943 13 25 90,Lugar Forfontia (la Carrera) 4-,POLA DE SIERO,33519,Asturias,ES,,"https://maps.google.com?daddr=Lugar%20Forfontia%20%28la%20Carrera%29%204-,+POLA%20DE%20SIERO,+Asturias+33519,+ES",43.39091932,-5.66841012
El Corte Inglés,985 99 00 74,"Calle Ramón Areces, 2",Gijón,33211,Asturias,ES,https://www.elcorteingles.es/helly-hansen/deportes/,"https://maps.google.com?daddr=Calle%20Ram%C3%B3n%20Areces%2C%202,+Gij%C3%B3n,+Asturias+33211,+ES",43.52423713,-5.67911930
El Corte Inglés,987 26 31 00,"Calle Fray Luis de León, 29",León,24005,,ES,https://www.elcorteingles.es/helly-hansen/deportes/,"https://maps.google.com?daddr=Calle%20Fray%20Luis%20de%20Le%C3%B3n%2C%2029,+Le%C3%B3n,++24005,+ES",42.59069500,-5.56911180
Armería Castro - Tienda del Peregrino (Burgo Nuevo),987 09 03 30,"Calle Burgo Nuevo, 60",León,24001,,ES,https://armeriacastro.es/en/,"https://maps.google.com?daddr=Calle%20Burgo%20Nuevo%2C%2060,+Le%C3%B3n,++24001,+ES",42.59756700,-5.57010700
El Corte Inglés,+34985109000,"Calle del Gral. Elorza, 75",Oviedo,33002,Asturias,ES,https://www.elcorteingles.es/helly-hansen/deportes/,"https://maps.google.com?daddr=Calle%20del%20Gral.%20Elorza%2C%2075,+Oviedo,+Asturias+33002,+ES",43.36381020,-5.85170250
da2shop,984 09 27 62,"C. Gregorio Aurre, 10",Langreo,33949,Asturias,ES,https://es-es.facebook.com/Da2shop/,"https://maps.google.com?daddr=C.%20Gregorio%20Aurre%2C%2010,+Langreo,+Asturias+33949,+ES",43.30750700,-5.69116100
IRENKO,984 06 82 32,"C. Casimiro Velasco, 11",Gijón,33201,Asturias,ES,https://www.facebook.com/Irenkogijon/,"https://maps.google.com?daddr=C.%20Casimiro%20Velasco%2C%2011,+Gij%C3%B3n,+Asturias+33201,+ES",43.54012180,-5.65922960
VEGA,987 41 40 87,AVEN. ESPAÑA 21,PONFERRADA,24402,León,ES,http://vegaponferrada.com/,"https://maps.google.com?daddr=AVEN.%20ESPA%C3%91A%2021,+PONFERRADA,+Le%C3%B3n+24402,+ES",42.54644925,-6.59729859
UNCODE,984 24 28 38,"Calle Paredes, s/n - Local 71, C.C. Parque Principado",Siero,33429,Asturias,ES,https://uncode.es/content/4-tiendas-parque-principado,"https://maps.google.com?daddr=Calle%20Paredes%2C%20s%2Fn%20-%20Local%2071%2C%20C.C.%20Parque%20Principado,+Siero,+Asturias+33429,+ES",43.40513370,-5.78265970
Repnaval,985 34 03 43,"Calle Instituto, 2",Gijón,33201,Asturias,ES,http://www.repnaval.es,"https://maps.google.com?daddr=Calle%20Instituto%2C%202,+Gij%C3%B3n,+Asturias+33201,+ES",43.54432310,-5.66357420
Java Shop León,987 21 88 67,"Av. Lancia, 11",León,24004,,ES,https://javashop.es/es/,"https://maps.google.com?daddr=Av.%20Lancia%2C%2011,+Le%C3%B3n,++24004,+ES",42.59362480,-5.57399390
Norauto Asturias Avilés,985 51 69 81,"Pedrero, S/N",Trasona,33468,Asturias,ES,http://www.forumsport.com,"https://maps.google.com?daddr=Pedrero%2C%20S%2FN,+Trasona,+Asturias+33468,+ES",43.54906930,-5.87728880
Forum Sport Avilés / Parque Astur,985 51 44 74,C.C.Parque Astur,Avilés,33468,Asturias,ES,http://www.forumsport.com,"https://maps.google.com?daddr=C.C.Parque%20Astur,+Avil%C3%A9s,+Asturias+33468,+ES",43.54760630,-5.87038750
Forum Sport Gijón,985 30 72 99,"Camino Fondo de Porceyo, 1210",Gijón,33211,Asturias,ES,http://www.forumsport.com,"https://maps.google.com?daddr=Camino%20Fondo%20de%20Porceyo%2C%201210,+Gij%C3%B3n,+Asturias+33211,+ES",43.50947480,-5.69347880
Sport Forum Intu Asturias,985 26 92 12,Bº PAREDES  S/N,Lugones,33429,Asturias,ES,https://www.forumsport.com/,"https://maps.google.com?daddr=B%C2%BA%20PAREDES%20%20S%2FN,+Lugones,+Asturias+33429,+ES",43.39041760,-5.80103240
Oviedo Forum Sport Center,985 20 83 19,"Calle Caveda, 27",Oviedo,33002,Asturias,ES,http://www.forumsport.com,"https://maps.google.com?daddr=Calle%20Caveda%2C%2027,+Oviedo,+Asturias+33002,+ES",43.36519800,-5.84922690
Elephant Asturiana Fashion,629 85 68 56,"C. Uría, 48",Cangas del Narcea,33800,Asturias,ES,,"https://maps.google.com?daddr=C.%20Ur%C3%ADa%2C%2048,+Cangas%20del%20Narcea,+Asturias+33800,+ES",43.17829000,-6.55021000
Forum Sport Ponferrada,987 40 65 56,Avda Asturias s/n,Ponferrada,24404,León,ES,http://www.forumsport.com,"https://maps.google.com?daddr=Avda%20Asturias%20s%2Fn,+Ponferrada,+Le%C3%B3n+24404,+ES",42.55628590,-6.60236930
Fruela,987 23 24 86,"Av. Ordoño II, 14",León,24001,,ES,https://unileo.es/,"https://maps.google.com?daddr=Av.%20Ordo%C3%B1o%20II%2C%2014,+Le%C3%B3n,++24001,+ES",42.59737200,-5.57479300
CAPITAN SIROCO,671 43 04 18,C/ DE LA GUARDIA CIVIL N°1,LEON,24001,LEON,ES,https://capitansiroco.com/,"https://maps.google.com?daddr=C%2F%20DE%20LA%20GUARDIA%20CIVIL%20N%C2%B01,+LEON,+LEON+24001,+ES",42.59660873,-5.57537432
CONCEPCION FRESNO LERA,987 23 48 62,Granvía de San Marcos 21 Bajo,León,24004,León,ES,,"https://maps.google.com?daddr=Granv%C3%ADa%20de%20San%20Marcos%2021%20Bajo,+Le%C3%B3n,+Le%C3%B3n+24004,+ES",42.59635070,-5.57676000
CALZADOS VILLADANGOS,659 68 40 05,AVDA. CONTITUCION Nº 16,Villadangos del Paramo,24392,León,ES,https://calzadosvilladangos.com/,"https://maps.google.com?daddr=AVDA.%20CONTITUCION%20N%C2%BA%2016,+Villadangos%20del%20Paramo,+Le%C3%B3n+24392,+ES",42.51888874,-5.76487800
DE LOS PIES A LA CABEZA,987 20 49 09,"C. Gil y Carrasco, 4",LEÓN,24001,LEÓN,ES,http://www.delospiesalacabeza.net/,"https://maps.google.com?daddr=C.%20Gil%20y%20Carrasco%2C%204,+LE%C3%93N,+LE%C3%93N+24001,+ES",42.59664715,-5.57363070
El Corte Inglés Avilés,909 22 44 11,"CARRETERA FINCA LA TEJERA-LA CARRIONA, C/BUENAVISTA",AVILES,33400,,ES,https://www.elcorteingles.es/helly-hansen/deportes/,"https://maps.google.com?daddr=CARRETERA%20FINCA%20LA%20TEJERA-LA%20CARRIONA%2C%20C%2FBUENAVISTA,+AVILES,++33400,+ES",43.54371360,-5.93460360
Forum Sport,987 27 60 33,"Av Pais Leones, 12, LOCAL1",León,24010,,ES,http://www.forumsport.com,"https://maps.google.com?daddr=Av%20Pais%20Leones%2C%2012%2C%20LOCAL1,+Le%C3%B3n,++24010,+ES",42.61245810,-5.59595090
Tandem sport,985841343,"Calle Juan Carlos I, 10",Arriondas,33540,Asturias,ES,https://www.tandemsportbike.com/,"https://maps.google.com?daddr=Calle%20Juan%20Carlos%20I%2C%2010,+Arriondas,+Asturias+33540,+ES",43.41158900,-5.12325100
Forum Sport Torrelavega,942 88 50 22,"Avenida de Bilbao, 99A",Torrelavega,39300,Cantabria,ES,http://www.forumsport.com,"https://maps.google.com?daddr=Avenida%20de%20Bilbao%2C%2099A,+Torrelavega,+Cantabria+39300,+ES",43.34451800,-4.03356800
Intersport Grada,942 80 10 59,"C. Ruiz Tagle, 8",Torrelavega,39300,Cantabria,ES,https://www.intersport.es/,"https://maps.google.com?daddr=C.%20Ruiz%20Tagle%2C%208,+Torrelavega,+Cantabria+39300,+ES",43.34904547,-4.05023484
Forum Sport Artea,944 91 30 64,P.C. ARTEA - Bº Peruri s/n.,Leioa,48940,Vizcaya,ES,https://www.forumsport.com/,"https://maps.google.com?daddr=P.C.%20ARTEA%20-%20B%C2%BA%20Peruri%20s%2Fn.,+Leioa,+Vizcaya+48940,+ES",43.33975936,-2.99148426
FS MOYUA,944 26 09 56,"ESTRADA DA BATALHA, 21",BILBAO,48009,Vizcaya,ES,https://www.forumsport.com/,"https://maps.google.com?daddr=ESTRADA%20DA%20BATALHA%2C%2021,+BILBAO,+Vizcaya+48009,+ES",43.26418335,-2.93504005
Euro-Sport,944 41 93 12,"Estrauntza K., 2",Bilbo,48011,Bizkaia,ES,http://www.euro-sport.net,"https://maps.google.com?daddr=Estrauntza%20K.%2C%202,+Bilbo,+Bizkaia+48011,+ES",43.25853400,-2.93712300
Fercas,942 68 38 48,"C. Duque de Santoña, 17",Santoña,39740,Cantabria,ES,https://www.facebook.com/fercas1990,"https://maps.google.com?daddr=C.%20Duque%20de%20Santo%C3%B1a%2C%2017,+Santo%C3%B1a,+Cantabria+39740,+ES",43.44424720,-3.45930220
Mundi,942 22 82 11,"C. Calvo Sotelo, 10",Santander,39002,Cantabria,ES,,"https://maps.google.com?daddr=C.%20Calvo%20Sotelo%2C%2010,+Santander,+Cantabria+39002,+ES",43.46129750,-3.80833675
El Corte Inglés,945 26 63 33,"Calle de la Paz, 2",Vitoria-Gasteiz,01004,Álava,ES,https://www.elcorteingles.es/helly-hansen/deportes/,"https://maps.google.com?daddr=Calle%20de%20la%20Paz%2C%202,+Vitoria-Gasteiz,+%C3%81lava+01004,+ES",42.84453720,-2.66769580
Forum Sport,+34946232075,"Murueta Kalea, s/n",Abadiño,48220,,ES,http://www.forumsport.com,"https://maps.google.com?daddr=Murueta%20Kalea%2C%20s%2Fn,+Abadi%C3%B1o,++48220,+ES",43.17068370,-2.61666398
Godofredo,942 21 57 51,"P.º de Pereda, 31",Santander,39004,Cantabria,ES,http://www.godofredopesca.com/,"https://maps.google.com?daddr=P.%C2%BA%20de%20Pereda%2C%2031,+Santander,+Cantabria+39004,+ES",43.46242400,-3.79905200
Deportes Cumbres,942 22 17 40,"Calle Guevara, 8",Santander,39001,Cantabria,ES,https://www.deportescumbres.com/,"https://maps.google.com?daddr=Calle%20Guevara%2C%208,+Santander,+Cantabria+39001,+ES",43.46367121,-3.80976242
Forum Sport Megapark,944 38 69 66,"Avda. La Rivera, s/n",Baracaldo,48903,Vizcaya,ES,https://www.forumsport.com/,"https://maps.google.com?daddr=Avda.%20La%20Rivera%2C%20s%2Fn,+Baracaldo,+Vizcaya+48903,+ES",43.29260350,-3.00668280
Forum Sport Bilbondo,944 26 09 56,"Calle Zabalandi, s/n",Basauri,48970,Vizcaya,ES,http://www.forumsport.com,"https://maps.google.com?daddr=Calle%20Zabalandi%2C%20s%2Fn,+Basauri,+Vizcaya+48970,+ES",43.23042525,-2.87524505
Forum Sport Gernika,946 27 13 11,Adolfo Urioste Kalea,Gernika-Lumo,48300,Bizkaia,ES,http://www.forumsport.com,"https://maps.google.com?daddr=Adolfo%20Urioste%20Kalea,+Gernika-Lumo,+Bizkaia+48300,+ES",43.31448130,-2.67845670
Forum Sport,942 25 02 37,"Bº Alday, S/N",Valle Real,39600,Cantabria,ES,https://www.forumsport.com/,"https://maps.google.com?daddr=B%C2%BA%20Alday%2C%20S%2FN,+Valle%20Real,+Cantabria+39600,+ES",43.42736000,-3.83822000
Forum Sport Zalla,946 67 00 79,Barrio El Baular s/n local nº 3,Mimetiz,48860,Vizcaya,ES,http://www.forumsport.com,"https://maps.google.com?daddr=Barrio%20El%20Baular%20s%2Fn%20local%20n%C2%BA%203,+Mimetiz,+Vizcaya+48860,+ES",43.21120500,-3.12657700
Zalla Nordic Shop,605 71 91 37,Artebizkarra 21,Mimetiz,48860,Vizcaya,ES,https://www.zallanordic.com/,"https://maps.google.com?daddr=Artebizkarra%2021,+Mimetiz,+Vizcaya+48860,+ES",43.21352100,-3.13528100
El Corte Inglés,944 25 35 00,"Calle Gran Vía, 7-9",Bilbo,48001,Bizkaia,ES,https://www.elcorteingles.es/helly-hansen/deportes/,"https://maps.google.com?daddr=Calle%20Gran%20V%C3%ADa%2C%207-9,+Bilbo,+Bizkaia+48001,+ES",43.25070862,-2.93654481
Forum Sport Vitoria,945 12 38 20,"Calle Zaramaga, 3",Vitoria-Gasteiz,01013,Álava,ES,https://www.forumsport.com/,"https://maps.google.com?daddr=Calle%20Zaramaga%2C%203,+Vitoria-Gasteiz,+%C3%81lava+01013,+ES",42.86054220,-2.66337380
El Corte Inglés Santander,+34942328400,"Avda. Nueva Montaña, s/n ",Santander,39011,Cantabria,ES,https://www.elcorteingles.es/helly-hansen/deportes/,"https://maps.google.com?daddr=Avda.%20Nueva%20Monta%C3%B1a%2C%20s%2Fn%20,+Santander,+Cantabria+39011,+ES",43.44106675,-3.84891115
AITOR KIROLAK,669 39 42 01,AVDA AMAYA 22,LEIOA,48940,Vizcaya,ES,https://www.instagram.com/aitor_kirolak/?hl=es,"https://maps.google.com?daddr=AVDA%20AMAYA%2022,+LEIOA,+Vizcaya+48940,+ES",43.32581480,-3.00692814
Basualdo Kirolak S L,945 89 09 93,"Elexondo Kalea, 5",Amurrio,01470,Araba,ES,,"https://maps.google.com?daddr=Elexondo%20Kalea%2C%205,+Amurrio,+Araba+01470,+ES",43.05222153,-3.00172854
Deportes Olimpia,947 31 21 95,"Calle Condado de Treviño, 77",Miranda de Ebro,09200,Burgos,ES,,"https://maps.google.com?daddr=Calle%20Condado%20de%20Trevi%C3%B1o%2C%2077,+Miranda%20de%20Ebro,+Burgos+09200,+ES",42.68756570,-2.93913010
Real Club Marítimo del Abra - Real Sporting Club,944 63 76 00,"Av. de Zugazarte, 11",Guecho,48930,Vizcaya,ES,,"https://maps.google.com?daddr=Av.%20de%20Zugazarte%2C%2011,+Guecho,+Vizcaya+48930,+ES",43.32822000,-3.01507000
Deportes Sportlandia,944 61 79 71,"Martin Fernandez Villaran Kalea, 4",Portugalete,48920,Bizkaia,ES,http://www.sportlandiadeportes.com/,"https://maps.google.com?daddr=Martin%20Fernandez%20Villaran%20Kalea%2C%204,+Portugalete,+Bizkaia+48920,+ES",43.32231710,-3.01991495
Forum Sport Olaberria,943 88 52 18,201 BARRIO YURRE S/N,Olaberria,20212,Gipuzkoa,ES,http://www.forumsport.com,"https://maps.google.com?daddr=201%20BARRIO%20YURRE%20S%2FN,+Olaberria,+Gipuzkoa+20212,+ES",43.03825590,-2.21683505
Forum Sport Zarautz,943 89 49 31,"Araba Kalea, n 43",Zarautz,20800,Gipuzkoa,ES,http://www.forumsport.com,"https://maps.google.com?daddr=Araba%20Kalea%2C%20n%2043,+Zarautz,+Gipuzkoa+20800,+ES",43.28137091,-2.16333354
Aitzaki Kirolak,943 15 07 38,"Jose Antonio Agirre Plaza, 4",Azpeitia,20730,Gipuzkoa,ES,,"https://maps.google.com?daddr=Jose%20Antonio%20Agirre%20Plaza%2C%204,+Azpeitia,+Gipuzkoa+20730,+ES",43.18103345,-2.26898790
Aldo Deportes SL,948 75 50 68,"Paseo Ereta, 3",Tafalla,31300,Navarra,ES,https://aldodeportes.com/,"https://maps.google.com?daddr=Paseo%20Ereta%2C%203,+Tafalla,+Navarra+31300,+ES",42.52657970,-1.67409740
FORUM SPORT PAMPLONA,,Ctra Zaragoza-Salida Noain,Cordovilla,31191,PAMPLONA,ES,http://www.forumsport.com,"https://maps.google.com?daddr=Ctra%20Zaragoza-Salida%20Noain,+Cordovilla,+PAMPLONA+31191,+ES",42.79129145,-1.63790149
FORUM SPORT IRUÑA,34 948 30 04 96,Crta San Sebastian km 1,Pamplona,31013,PAMPLONA,ES,http://www.forumsport.com,"https://maps.google.com?daddr=Crta%20San%20Sebastian%20km%201,+Pamplona,+PAMPLONA+31013,+ES",42.82809554,-1.65389889
Helmuga Kirolak,943 13 04 19,"Zigordia Kalea, 52",Zarautz,20800,Gipuzkoa,ES,,"https://maps.google.com?daddr=Zigordia%20Kalea%2C%2052,+Zarautz,+Gipuzkoa+20800,+ES",43.28404270,-2.17208590
Kirol Moda Bentaberri,640 28 13 02,"C/ Carmelo Bentaberri, 5",San Sebaastian,20018,,ES,,"https://maps.google.com?daddr=C%2F%20Carmelo%20Bentaberri%2C%205,+San%20Sebaastian,++20018,+ES",43.31318898,-1.98907424
Leitza Kirolak,948 61 09 76,"Calle Elbarren, 36",Villabona,20150,Gipuzkoa,ES,https://www.leitzakirolak.com/,"https://maps.google.com?daddr=Calle%20Elbarren%2C%2036,+Villabona,+Gipuzkoa+20150,+ES",43.08021105,-1.91615740
El Corte Inglés,948 20 20 00,"Calle de Estella, 9",Pamplona,31002,Navarra,ES,https://www.elcorteingles.es/helly-hansen/deportes/,"https://maps.google.com?daddr=Calle%20de%20Estella%2C%209,+Pamplona,+Navarra+31002,+ES",42.81370146,-1.64539270
Forum Sport,948 33 78 08,"Calle Intxaurdia, 5",Pamplona,31620,Navarra,ES,http://www.forumsport.com,"https://maps.google.com?daddr=Calle%20Intxaurdia%2C%205,+Pamplona,+Navarra+31620,+ES",42.82670167,-1.58442596
Deportes 4 Estaciones,948 29 13 55,"Av. de Bayona, 34",Pamplona,31011,Navarra,ES,https://www.forumsport.com/,"https://maps.google.com?daddr=Av.%20de%20Bayona%2C%2034,+Pamplona,+Navarra+31011,+ES",42.81370146,-1.66098272
WICCA STORE,943 42 50 36,CAMINO ASTIGARRAGA 4 LOCAL 111,OIARTZUN,20180,Gipuzkoa,ES,https://camiforniashop.com/,"https://maps.google.com?daddr=CAMINO%20ASTIGARRAGA%204%20LOCAL%20111,+OIARTZUN,+Gipuzkoa+20180,+ES",43.28145040,-1.95104550
Ciclos y Caravanas Oiartzun,943 49 22 84,"Olagarai Kalea 1, pabellón 9",Oiartzun,28180,Guipúzcoa,ES,https://caravanasoiartzunzone.com/,"https://maps.google.com?daddr=Olagarai%20Kalea%201%2C%20pabell%C3%B3n%209,+Oiartzun,+Guip%C3%BAzcoa+28180,+ES",43.29684484,-1.87947771
ALMACEN DE PERTRECHOS DE LA KOFRADIA,943 64 21 52,Txiplau nº 8,Hondarribia,20280,,ES,http://www.kofradia.org/,"https://maps.google.com?daddr=Txiplau%20n%C2%BA%208,+Hondarribia,++20280,+ES",43.37084340,-1.80014880
Forum Sport Arrasate,943 77 30 72,"Garibai Hiribidea, 2",Arrasate,20500,Gipuzkoa,ES,http://www.forumsport.com,"https://maps.google.com?daddr=Garibai%20Hiribidea%2C%202,+Arrasate,+Gipuzkoa+20500,+ES",43.06447818,-2.49082223
Mendiak Hiru,943 13 25 90,"C. Abendaño, 2",Zarauz,20800,Gipuzkoa,ES,http://mendiakhiru.com/,"https://maps.google.com?daddr=C.%20Abenda%C3%B1o%2C%202,+Zarauz,+Gipuzkoa+20800,+ES",43.27787820,-2.17384370
Forum Sport Garbera,943 39 03 75,"De Garbera Bidea, 1",Donostia,20015,Gipuzkoa,ES,http://www.forumsport.com,"https://maps.google.com?daddr=De%20Garbera%20Bidea%2C%201,+Donostia,+Gipuzkoa+20015,+ES",43.30980131,-1.94199311
Forum Sport Eibar,943 82 19 60,"Julian Etxeberria Kalea, 10",Eibar,20600,Gipuzkoa,ES,http://www.forumsport.com,"https://maps.google.com?daddr=Julian%20Etxeberria%20Kalea%2C%2010,+Eibar,+Gipuzkoa+20600,+ES",43.18581170,-2.46984650
Forum Sport Renteria,943 34 12 88,"Plaza Xabier Olaskoaga, s/n",Errenteria,20100,Gipuzkoa,ES,http://www.forumsport.com,"https://maps.google.com?daddr=Plaza%20Xabier%20Olaskoaga%2C%20s%2Fn,+Errenteria,+Gipuzkoa+20100,+ES",43.31363700,-1.90107500
Deportes Ada,943 42 77 13,"Mayor Kalea, 3",Donostia,20003,Gipuzkoa,ES,,"https://maps.google.com?daddr=Mayor%20Kalea%2C%203,+Donostia,+Gipuzkoa+20003,+ES",43.32241710,-1.98571325
Forum Sport La Bretxa,943 43 51 99,"Plaza la Brecha, 1",San Sebastián,20003,Gipuzkoa,ES,http://www.forumsport.com,"https://maps.google.com?daddr=Plaza%20la%20Brecha%2C%201,+San%20Sebasti%C3%A1n,+Gipuzkoa+20003,+ES",43.32293710,-1.98243325
Forum Sport Urbil,943 37 66 75,"Barrio Txiki-Erdi, 7",Usurbil,20170,Guipúzcoa,ES,https://www.forumsport.com/,"https://maps.google.com?daddr=Barrio%20Txiki-Erdi%2C%207,+Usurbil,+Guip%C3%BAzcoa+20170,+ES",43.27554420,-2.02458265
ROBERS,943 46 47 97,"Larramendi Kalea, 10",Donostia,20006,Gipuzkoa,ES,,"https://maps.google.com?daddr=Larramendi%20Kalea%2C%2010,+Donostia,+Gipuzkoa+20006,+ES",43.31551600,-1.98121200
Leire Sport,943 63 24 11,"Almirante Arizmendi Kalea, 9",Irun,20302,Gipuzkoa,ES,http://www.leiresport.com,"https://maps.google.com?daddr=Almirante%20Arizmendi%20Kalea%2C%209,+Irun,+Gipuzkoa+20302,+ES",43.34057800,-1.79152300
Venta Peio,902 21 08 00,"Bo. Dantxarinea, s/n",Landibar,31711,Navarra,ES,http://www.venta-peio.com,"https://maps.google.com?daddr=Bo.%20Dantxarinea%2C%20s%2Fn,+Landibar,+Navarra+31711,+ES",43.28428720,-1.50563860
DEPORTES ASKASIBAR INTERSPORT,943 20 19 42,"Fermin Calbeton Kalea, 13",Eibar,20600,Gipuzkoa,ES,https://www.intersport.es/,"https://maps.google.com?daddr=Fermin%20Calbeton%20Kalea%2C%2013,+Eibar,+Gipuzkoa+20600,+ES",43.18466708,-2.47195405
DEPORTES URO,605 01 97 08,PLAZA SIERRA DE ARALAR 3,ESTELLA - LIZARRA,31200,Navarra,ES,https://deportesuro.com/,"https://maps.google.com?daddr=PLAZA%20SIERRA%20DE%20ARALAR%203,+ESTELLA%20-%20LIZARRA,+Navarra+31200,+ES",42.67122570,-2.03487670
Plaza Berri Sport,943 02 56 88,"Ibai-Ondo Kalea, 7",Azkoitia,20720,Gipuzkoa,ES,https://m.facebook.com/profile.php?id=100063543483710&locale2=es_ES&_rdr,"https://maps.google.com?daddr=Ibai-Ondo%20Kalea%2C%207,+Azkoitia,+Gipuzkoa+20720,+ES",43.17848707,-2.30969378
Karay,974 35 70 06,"Calle Mayor, 16",Jaca,22700,Huesca,ES,,"https://maps.google.com?daddr=Calle%20Mayor%2C%2016,+Jaca,+Huesca+22700,+ES",42.56969746,-0.55009901
Petruso Ski Shop,+34974337142,urbanizacion formigal s/n edificio almonsa IV,Formigal,22640,Huesca,ES,,"https://maps.google.com?daddr=urbanizacion%20formigal%20s%2Fn%20edificio%20almonsa%20IV,+Formigal,+Huesca+22640,+ES",42.77485200,-0.36181000
INTERSPORT Jorri,974 36 45 41,"Av. de Francia, 4",Jaca,22700,Huesca,ES,http://www.intersportjorri.com/,"https://maps.google.com?daddr=Av.%20de%20Francia%2C%204,+Jaca,+Huesca+22700,+ES",42.57049045,-0.54948285
The Green Door,974 48 73 49,"Calle San Miguel, 22",Panticosa,22661,Huesca,ES,http://lapuertaverdepanticosa.es/,"https://maps.google.com?daddr=Calle%20San%20Miguel%2C%2022,+Panticosa,+Huesca+22661,+ES",42.72381950,-0.28287280
Deportes Forum,974 35 68 32,Polígono Campanción Sect 13,Jaca,22700,Huesca,ES,http://www.forumsport.com,"https://maps.google.com?daddr=Pol%C3%ADgono%20Campanci%C3%B3n%20Sect%2013,+Jaca,+Huesca+22700,+ES",42.57626700,-0.52782900
Deportes Galindo,974 37 30 92,"Carretera Francia, s/n",Candanchú,22889,Huesca,ES,http://www.deportesgalindo.com/,"https://maps.google.com?daddr=Carretera%20Francia%2C%20s%2Fn,+Candanch%C3%BA,+Huesca+22889,+ES",42.78884120,-0.53076720
INTERSPORT BAQUEIRA,973 64 52 35,"EDIFICI SABOREDO,",Baqueira,25598,Lérida,ES,,"https://maps.google.com?daddr=EDIFICI%20SABOREDO%2C,+Baqueira,+L%C3%A9rida+25598,+ES",42.69853760,0.93371180
Cuylás Ruda – Cuylás School,932 17 21 90,URB. VALL DE RUDA L 10  EDIF.BICIBERRI,Baqueira,25598,Lérida,ES,http://www.cuylas.com,"https://maps.google.com?daddr=URB.%20VALL%20DE%20RUDA%20L%2010%20%20EDIF.BICIBERRI,+Baqueira,+L%C3%A9rida+25598,+ES",42.69557571,0.91342503
INTERSPORT Viella,973 64 37 66,"Av. deth Pas d'Arró, 52",Viella,25530,Lleida,ES,https://www.intersport.es/,"https://maps.google.com?daddr=Av.%20deth%20Pas%20d%27Arr%C3%B3%2C%2052,+Viella,+Lleida+25530,+ES",42.69962815,0.79945660
SPORTS CALBO,346 737,Ctra General de Soldeu s/n,SOLDEU,AD100,Andorra,AD,,"https://maps.google.com?daddr=Ctra%20General%20de%20Soldeu%20s%2Fn,+SOLDEU,+Andorra+AD100,+AD",42.57779100,1.66604870
Khurp,974 55 14 21,"Av. los Tilos, 01",Benasque,22440,Huesca,ES,http://www.khurp.com,"https://maps.google.com?daddr=Av.%20los%20Tilos%2C%2001,+Benasque,+Huesca+22440,+ES",42.60340698,0.52207855
Viladomat Esports,800 805,"Av. Meritxell, 110",Andorra la Vella,AD500,,AD,https://www.viladomat.com/es-AD,"https://maps.google.com?daddr=Av.%20Meritxell%2C%20110,+Andorra%20la%20Vella,++AD500,+AD",42.50757198,1.52677614
Viladomat Signature,00376 800 911,"Av. Carlemany, 63",Escaldes-Engordany,AD700,,AD,https://www.viladomat.com/es-AD,"https://maps.google.com?daddr=Av.%20Carlemany%2C%2063,+Escaldes-Engordany,++AD700,+AD",42.50861696,1.53950252
Viladomat El Tarter,800 806,"Parking del Tarter, Sector El Tarter - Grandvalira",El Tarter,AD100,,AD,https://www.viladomat.com/es-AD,"https://maps.google.com?daddr=Parking%20del%20Tarter%2C%20Sector%20El%20Tarter%20-%20Grandvalira,+El%20Tarter,++AD100,+AD",42.57861698,1.64986270
Viladomat Esports,800 600,30 Carrer Esteve Dolsa Pujal,Andorra la Vella,AD500,,AD,https://www.viladomat.com/es-AD,"https://maps.google.com?daddr=30%20Carrer%20Esteve%20Dolsa%20Pujal,+Andorra%20la%20Vella,++AD500,+AD",42.50838000,1.53239400
LOLITOS,986 74 58 68,ALDEA COMERCIAL BAJO 46,O GROVE,36980,PONTEVEDRA,ES,https://lolitoslatoja.com/,"https://maps.google.com?daddr=ALDEA%20COMERCIAL%20BAJO%2046,+O%20GROVE,+PONTEVEDRA+36980,+ES",42.49050836,-8.85821501
KOOLIBRI,935 429 942,"Rua 18, Nro. 666, R/C",Espinho,4500-246,,PT,,"https://maps.google.com?daddr=Rua%2018%2C%20Nro.%20666%2C%20R%2FC,+Espinho,++4500-246,+PT",41.00674545,-8.64081460
Efectos Navais Jesus Betanzos SL,986 23 22 12,"Rúa de Eduardo Cabello, 47",Vigo,36208,Pontevedra,ES,http://www.jbetanzos.com/,"https://maps.google.com?daddr=R%C3%BAa%20de%20Eduardo%20Cabello%2C%2047,+Vigo,+Pontevedra+36208,+ES",42.22600730,-8.75305500
L. POINT,966 990 102,AV. GENERAL HUMBERTO DELGADO 101,Viana do Castelo,4900-317,VIANA DO CASTELO,PT,https://www.lpoint.pt/,"https://maps.google.com?daddr=AV.%20GENERAL%20HUMBERTO%20DELGADO%20101,+Viana%20do%20Castelo,+VIANA%20DO%20CASTELO+4900-317,+PT",41.69502950,-8.83262505
Eolo Náutica Sanxenxo,986 72 33 33,Puerto Deportivo Juan Carlos I,Sanjenjo,36960,Pontevedra,ES,http://www.eolosanxenxo.es,"https://maps.google.com?daddr=Puerto%20Deportivo%20Juan%20Carlos%20I,+Sanjenjo,+Pontevedra+36960,+ES",42.39902300,-8.80633600
OSBS CLOTHING TWO,666 73 21 19,"PO-315, 70",Bueu,36930,PONTEVEDRA,ES,https://osbsclothing.com/,"https://maps.google.com?daddr=PO-315%2C%2070,+Bueu,+PONTEVEDRA+36930,+ES",42.32570542,-8.79709752
"Marques Soares, S.A Porto",22 204 2200,R. das Carmelitas 92,Porto,4099-069,PORTO,PT,https://www.marquessoares.pt/pt/,"https://maps.google.com?daddr=R.%20das%20Carmelitas%2092,+Porto,+PORTO+4099-069,+PT",41.14654695,-8.61453390
Chema Sport,986 10 33 97,"Rúa de Benito Corbal, 14",Pontevedra,36001,,ES,https://chemasport.es/,"https://maps.google.com?daddr=R%C3%BAa%20de%20Benito%20Corbal%2C%2014,+Pontevedra,++36001,+ES",42.43014275,-8.64279435
El Corte Inglés Vigo,+34678602542,"Gran Vía, 28",Vigo,36204,Pontevedra,ES,https://www.elcorteingles.es/helly-hansen/deportes/,"https://maps.google.com?daddr=Gran%20V%C3%ADa%2C%2028,+Vigo,+Pontevedra+36204,+ES",42.23235692,-8.71782143
Lolita Moda,986 10 24 14,"Rúa Frei Xoán de Navarrete, 8",Pontevedra,36002,,ES,https://www.lolitamoda.com/,"https://maps.google.com?daddr=R%C3%BAa%20Frei%20Xo%C3%A1n%20de%20Navarrete%2C%208,+Pontevedra,++36002,+ES",42.42657600,-8.64055200
Monte Real Club de Yates de Bayona,986 38 50 00,"Av. Arquitecto Jesús Valverde, 2",Bayona,36300,Pontevedra,ES,,"https://maps.google.com?daddr=Av.%20Arquitecto%20Jes%C3%BAs%20Valverde%2C%202,+Bayona,+Pontevedra+36300,+ES",42.12283000,-8.84878000
Krack Zapaterías S. L.,986 84 06 79,Lugar O Pazo 48,MOURENTE,36164,Pontevedra,ES,https://www.krackonline.com/,"https://maps.google.com?daddr=Lugar%20O%20Pazo%2048,+MOURENTE,+Pontevedra+36164,+ES",42.47698572,-8.60585832
Snekke boutique,986 12 60 51,"Av. Monterreal, 14",Baiona,36300,Pontevedra,ES,https://001.carrd.co/,"https://maps.google.com?daddr=Av.%20Monterreal%2C%2014,+Baiona,+Pontevedra+36300,+ES",42.11437000,-8.84150000
Deportes Xesta - Atmósfera Sport,886 20 84 19,"Avenida Jaime Janer, 10",Marín,36900,Pontevedra,ES,,"https://maps.google.com?daddr=Avenida%20Jaime%20Janer%2C%2010,+Mar%C3%ADn,+Pontevedra+36900,+ES",42.39075786,-8.70182712
ETECETRA,,R. do Paço 7,Penafiel,4560,PORTO,PT,,"https://maps.google.com?daddr=R.%20do%20Pa%C3%A7o%207,+Penafiel,+PORTO+4560,+PT",41.20700760,-8.28315510
Deportes Ucha,988 27 03 81,"Rúa Curros Enríquez, 30",O Carballiño,32500,Ourense,ES,https://deportesucha.es/es/,"https://maps.google.com?daddr=R%C3%BAa%20Curros%20Enr%C3%ADquez%2C%2030,+O%20Carballi%C3%B1o,+Ourense+32500,+ES",42.43163000,-8.07899000
PYAPY,259 332 373,"AV. JOÃO PAULO II, BLOCO 22 - LOJA 8",VILA REAL,5000-198,VILA REAL,PT,https://pyapy.pt/,"https://maps.google.com?daddr=AV.%20JO%C3%83O%20PAULO%20II%2C%20BLOCO%2022%20-%20LOJA%208,+VILA%20REAL,+VILA%20REAL+5000-198,+PT",41.29733470,-7.73320400
Dantone,670632642,"Rúa Ribeira Sacra, 50",Ourense,32003,,ES,https://www.facebook.com/dantone.moda/,"https://maps.google.com?daddr=R%C3%BAa%20Ribeira%20Sacra%2C%2050,+Ourense,++32003,+ES",42.34411800,-7.87884900
ADAM'S BLUE JEANS STORE,988 41 30 32,"LARGO DOS CAEIROS, 14 A",Verin,32600,Ourense,ES,https://www.instagram.com/adams_bluejeans/,"https://maps.google.com?daddr=LARGO%20DOS%20CAEIROS%2C%2014%20A,+Verin,+Ourense+32600,+ES",41.94043408,-7.43777779
Intersport Bouso,988 22 65 92,"Rúa M. Curros Enríquez, 5",Ourense,32003,,ES,https://www.intersport.es/,"https://maps.google.com?daddr=R%C3%BAa%20M.%20Curros%20Enr%C3%ADquez%2C%205,+Ourense,++32003,+ES",42.34290694,-7.86352129
Shopmultimarca - La Granja de Perico,988 22 45 51,"Rúa Santo Domingo, 19",Ourense,32003,Ourense,ES,https://www.shopmultimarca.es/,"https://maps.google.com?daddr=R%C3%BAa%20Santo%20Domingo%2C%2019,+Ourense,+Ourense+32003,+ES",42.33842840,-7.86327455
Bassel,988 41 47 29,"Av. Luis Espada, 86",Verín,32600,Ourense,ES,,"https://maps.google.com?daddr=Av.%20Luis%20Espada%2C%2086,+Ver%C3%ADn,+Ourense+32600,+ES",41.94054900,-7.43381145
IMAN,980 16 21 98,"C/ La Rua, 33",BENAVENTE,49600,ZAMORA,ES,,"https://maps.google.com?daddr=C%2F%20La%20Rua%2C%2033,+BENAVENTE,+ZAMORA+49600,+ES",42.00205680,-5.67952265
Deportes Tri Sport,988 68 41 91,"Av. da Estación, 12",O Barco,32300,Ourense,ES,https://footonmars.com/,"https://maps.google.com?daddr=Av.%20da%20Estaci%C3%B3n%2C%2012,+O%20Barco,+Ourense+32300,+ES",42.41736238,-6.98436393
GO ON,983 20 86 20,"C. de Teresa Gil, 23",Valladolid,47002,,ES,https://www.goonshop.es/,"https://maps.google.com?daddr=C.%20de%20Teresa%20Gil%2C%2023,+Valladolid,++47002,+ES",41.63958800,-4.73530100
SPIRAL TENDENCIAS,349806900,C/ PUERTA DEL MERCADO N. 31,TORO,49800,ZAMORA,ES,,"https://maps.google.com?daddr=C%2F%20PUERTA%20DEL%20MERCADO%20N.%2031,+TORO,+ZAMORA+49800,+ES",41.52202723,-5.39335779
Forum Sport,979 70 70 63,"Calle Mayor Principal, 87",Palencia,34001,,ES,http://www.forumsport.com,"https://maps.google.com?daddr=Calle%20Mayor%20Principal%2C%2087,+Palencia,++34001,+ES",42.00713300,-4.53164070
Forum Sport Valladolid,983 20 98 31,"Calle Duque de la Victoria, 13",Valladolid,47001,,ES,http://www.forumsport.com,"https://maps.google.com?daddr=Calle%20Duque%20de%20la%20Victoria%2C%2013,+Valladolid,++47001,+ES",41.65044830,-4.72637740
El Corte Inglés,983 23 15 00,"Paseo de Zorrilla, 130",Valladolid,47006,Castilla y Leon,ES,https://www.elcorteingles.es/helly-hansen/deportes/,"https://maps.google.com?daddr=Paseo%20de%20Zorrilla%2C%20130,+Valladolid,+Castilla%20y%20Leon+47006,+ES",41.63768218,-4.73941777
"AARON PALENSPORT, S.L.",979 74 61 91,C/ MAYO 86,PALENCIA,34001,Palencia,ES,,"https://maps.google.com?daddr=C%2F%20MAYO%2086,+PALENCIA,+Palencia+34001,+ES",42.01421792,-4.53830192
GO ON,979 00 68 24,"C. Colón, 22",Palencia,34002,Palencia,ES,https://www.goonshop.es/,"https://maps.google.com?daddr=C.%20Col%C3%B3n%2C%2022,+Palencia,+Palencia+34002,+ES",42.00673798,-4.52994609
Atmosfera Sport MEDINA DEL CAMPO,983 83 72 86,"C. Bravo, 1",Medina del Campo,47400,Valladolid,ES,https://www.atmosferasport.es/,"https://maps.google.com?daddr=C.%20Bravo%2C%201,+Medina%20del%20Campo,+Valladolid+47400,+ES",41.30768885,-4.91478115
Footwear Medrano SL,947 23 73 96,"Calle Ana Lopidana, 3",Burgos,09005,,ES,https://calzadosmedrano.com/,"https://maps.google.com?daddr=Calle%20Ana%20Lopidana%2C%203,+Burgos,++09005,+ES",42.34569378,-3.69757606
Deportes Dream Team,947 51 02 51,"Calle Sta. Lucía, 15",Aranda de Duero,09400,Burgos,ES,,"https://maps.google.com?daddr=Calle%20Sta.%20Luc%C3%ADa%2C%2015,+Aranda%20de%20Duero,+Burgos+09400,+ES",41.67020683,-3.68698604
Tecni Sport todo en deportes,947 21 33 11,"Av. Vena, 5",Burgos,09005,,ES,https://www.tecnisportdeportes.es/,"https://maps.google.com?daddr=Av.%20Vena%2C%205,+Burgos,++09005,+ES",42.34725780,-3.69218460
Forum Sport Logroño Berceo,941 23 73 22,"C. Lérida, 1",Logroño,26006,La Rioja,ES,http://www.forumsport.com,"https://maps.google.com?daddr=C.%20L%C3%A9rida%2C%201,+Logro%C3%B1o,+La%20Rioja+26006,+ES",42.46214735,-2.42126585
Mas por Menos Arnedo,941 38 72 60,"Polígono El Raposal, 69",Arnedo,26580,La Rioja,ES,https://www.patricksport.com/,"https://maps.google.com?daddr=Pol%C3%ADgono%20El%20Raposal%2C%2069,+Arnedo,+La%20Rioja+26580,+ES",42.23596692,-2.08728342
Ferrer Sport Center,941 48 50 42,"C. Siete Infantes de Lara, 19",Logroño,26007,La Rioja,ES,http://www.ferrersport.com,"https://maps.google.com?daddr=C.%20Siete%20Infantes%20de%20Lara%2C%2019,+Logro%C3%B1o,+La%20Rioja+26007,+ES",42.45653000,-2.46141000
Barrabes Esquí y Montaña (Zaragoza),976 90 00 59,"Calle Pedro María Ric, 12",Zaragoza,50008,Zaragoza,ES,https://www.barrabes.com/zaragoza,"https://maps.google.com?daddr=Calle%20Pedro%20Mar%C3%ADa%20Ric%2C%2012,+Zaragoza,+Zaragoza+50008,+ES",41.64347900,-0.88393470
Different | Urban Sport,974 22 54 74,"C. Fatás, 4",Huesca,22002,,ES,https://www.differenturbansport.com/,"https://maps.google.com?daddr=C.%20Fat%C3%A1s%2C%204,+Huesca,++22002,+ES",42.13594100,-0.40749020
INTERSPORT HUESCA,974 23 19 39,"Calle Ricardo del Arco, 13",Huesca,22003,,ES,,"https://maps.google.com?daddr=Calle%20Ricardo%20del%20Arco%2C%2013,+Huesca,++22003,+ES",42.13916904,-0.41515680
VISENTTI,616 99 73 93,"Leon XIII, 18",Zaragoza,50008,Zaragoza,ES,,"https://maps.google.com?daddr=Leon%20XIII%2C%2018,+Zaragoza,+Zaragoza+50008,+ES",41.64595440,-0.88242175
Farràs 1910 Home,938 21 03 44,"Placeta de la Ciutat, 13",Berga,08600,Barcelona,ES,https://www.facebook.com/farrashome/,"https://maps.google.com?daddr=Placeta%20de%20la%20Ciutat%2C%2013,+Berga,+Barcelona+08600,+ES",42.10387385,1.84548225
Pedraforca Igualada,938 05 30 77,"Carrer de Sant Magí, 26",Igualada,08700,Barcelona,ES,https://www.intersport.es/,"https://maps.google.com?daddr=Carrer%20de%20Sant%20Mag%C3%AD%2C%2026,+Igualada,+Barcelona+08700,+ES",41.58086200,1.61672730
Olympia Esports,34376720583,Camp Pauet naus 2-5,ANDORRA LA VELLA,AD500,ANDORRA,AD,https://www.olympiaesports.ad/,"https://maps.google.com?daddr=Camp%20Pauet%20naus%202-5,+ANDORRA%20LA%20VELLA,+ANDORRA+AD500,+AD",42.49948335,1.50621040
Nautilus Watersports,977 36 08 30,"Carrer del Consolat de Mar, 88",Cambrils,43850,Tarragona,ES,,"https://maps.google.com?daddr=Carrer%20del%20Consolat%20de%20Mar%2C%2088,+Cambrils,+Tarragona+43850,+ES",41.06626020,1.06431910
Halbert's,873 49 95 22,"Av. del Doctor Fleming, 1",Lleida,25006,,ES,https://halberts.negocio.site/?utm_source=gmb&utm_medium=referral,"https://maps.google.com?daddr=Av.%20del%20Doctor%20Fleming%2C%201,+Lleida,++25006,+ES",41.62016200,0.62196800
ANTONIO CANO MARTINEZ,977 75 15 65,"Carrer de la Galera, 13, Baixos",REUS,43201 ,TARRAGONA,ES,https://www.cottoni.es/es/inicio/,"https://maps.google.com?daddr=Carrer%20de%20la%20Galera%2C%2013%2C%20Baixos,+REUS,+TARRAGONA+43201 ,+ES",41.15481460,1.10785690
CHARLES BLUE,972 88 11 44,"Carrer Major, 22-24",Puigcerdà,17520,Girona,ES,https://charlesblue.com/,"https://maps.google.com?daddr=Carrer%20Major%2C%2022-24,+Puigcerd%C3%A0,+Girona+17520,+ES",42.43226952,1.92823159
Náutica Castelldefels,608 02 93 56,PORT GINESTA LOCAL 715-809,Castelldefels,08860,Barcelona,ES,,"https://maps.google.com?daddr=PORT%20GINESTA%20LOCAL%20715-809,+Castelldefels,+Barcelona+08860,+ES",41.26067600,1.92629700
DEPORVILLAGE,938 37 20 25,C/SAKURA 23-26,SANT FRUITOS DE BAGE,08272,BARCELONA,ES,https://www.deporvillage.com/,"https://maps.google.com?daddr=C%2FSAKURA%2023-26,+SANT%20FRUITOS%20DE%20BAGE,+BARCELONA+08272,+ES",41.77897890,1.86563760
Wala Barcelona,933 32 04 13,"Passeig de la Zona Franca, 191",Barcelona,08038,,ES,http://www.walashop.com,"https://maps.google.com?daddr=Passeig%20de%20la%20Zona%20Franca%2C%20191,+Barcelona,++08038,+ES",41.36153070,2.13746135
ROCA TEXTIL S.A.,933 11 27 53,"Passeig de Fabra i Puig, 70",Barcelona,08030,,ES,,"https://maps.google.com?daddr=Passeig%20de%20Fabra%20i%20Puig%2C%2070,+Barcelona,++08030,+ES",41.43021426,2.18459210
El Corte Inglés,933 66 71 00,"Avinguda Diagonal, 617",Barcelona,08028,,ES,https://www.elcorteingles.es/helly-hansen/deportes/,"https://maps.google.com?daddr=Avinguda%20Diagonal%2C%20617,+Barcelona,++08028,+ES",41.38576890,2.17235540
El Corte Inglés Portal del Angel,+34637421600,"Portal del Ángel, 19-21",Barcelona,08002,,ES,https://www.elcorteingles.es/helly-hansen/deportes/,"https://maps.google.com?daddr=Portal%20del%20%C3%81ngel%2C%2019-21,+Barcelona,++08002,+ES",41.38584678,2.17254356
"MOTONAUTICA MANEL, S.L.",972 15 91 35,"C/Girona, 209",Granollers,08042,BARCELONA,ES,http://www.motonauticamanel.com/,"https://maps.google.com?daddr=C%2FGirona%2C%20209,+Granollers,+BARCELONA+08042,+ES",41.61645585,2.29266339
Iglu Malloca 316,+34934579714,"Carrer de Mallorca, 316",Barcelona,08037,,ES,http://www.iglushop.es,"https://maps.google.com?daddr=Carrer%20de%20Mallorca%2C%20316,+Barcelona,++08037,+ES",41.39780678,2.16801355
Marina Port Vell,934 84 23 00,"Moll de La Barceloneta, 1",Barcelona,08039,Barcelona,ES,https://www.marinaportvell.com/es/,"https://maps.google.com?daddr=Moll%20de%20La%20Barceloneta%2C%201,+Barcelona,+Barcelona+08039,+ES",41.37576235,2.18748195
"SANT CUGAT ESPORTS, S.L.",936 74 30 81,"Pl. Quatre Cantons, s/n",S. Cugat del Valles,08712,Barcelona,ES,http://www.santcugatesports.com/,"https://maps.google.com?daddr=Pl.%20Quatre%20Cantons%2C%20s%2Fn,+S.%20Cugat%20del%20Valles,+Barcelona+08712,+ES",41.47231125,2.08208090
"MOTONAUTICA LLONCH, EMPURIABRAVA",972 25 83 53,Avda. Tramontana 17,EMPURIABRAVA,17487,GIRONA,ES,,"https://maps.google.com?daddr=Avda.%20Tramontana%2017,+EMPURIABRAVA,+GIRONA+17487,+ES",42.25970835,3.10515896
INTERSPORT Marquès,972 36 69 47,"Calle San Pedro, 56",Lloret de Mar,17310,Girona,ES,,"https://maps.google.com?daddr=Calle%20San%20Pedro%2C%2056,+Lloret%20de%20Mar,+Girona+17310,+ES",41.70168324,2.84577466
Solucions Nàutiques by Òscar Trives,619 82 14 05,"Pg. de Joan de Borbó, 103",Barcelona,08039,Barcelona,ES,https://oscartrives.com/,"https://maps.google.com?daddr=Pg.%20de%20Joan%20de%20Borb%C3%B3%2C%20103,+Barcelona,+Barcelona+08039,+ES",41.37729122,2.17682750
Public Moda,938 65 31 03,"Carrer del Forn, 17",Caldes de Montbui,08140,Barcelona,ES,,"https://maps.google.com?daddr=Carrer%20del%20Forn%2C%2017,+Caldes%20de%20Montbui,+Barcelona+08140,+ES",41.63356290,2.16265530
TAKEOFF® Luxury Toys | Europe's Biggest Yacht Toy Store,655 32 99 58,"Passeig de Joan de Borbó, 80-84",Barcelona,08039,,ES,http://www.takeoffbarcelona.com,"https://maps.google.com?daddr=Passeig%20de%20Joan%20de%20Borb%C3%B3%2C%2080-84,+Barcelona,++08039,+ES",41.37479400,2.18843600
Nautichandler Barcelona,937 82 42 74,"P.º Juan de Borbón, 80",Barcelona,08039,,ES,https://nautichandler.com/en/,"https://maps.google.com?daddr=P.%C2%BA%20Juan%20de%20Borb%C3%B3n%2C%2080,+Barcelona,++08039,+ES",41.36000000,2.17000000
Esport Nabes,972 20 21 46,"Carrer dels Ciutadans, 3",Girona,17001,,ES,,"https://maps.google.com?daddr=Carrer%20dels%20Ciutadans%2C%203,+Girona,++17001,+ES",41.98070875,2.82559053
DAFFI BARCELONA,933 33 33 56,"Carrer de París, 124",Barcelona,08036,,ES,http://www.daffi.com/,"https://maps.google.com?daddr=Carrer%20de%20Par%C3%ADs%2C%20124,+Barcelona,++08036,+ES",41.39028678,2.14903352
Helly Hansen Barcelona,934 96 03 63,"C. del Consell de Cent, 298",Barcelona,08007,,ES,http://www.hellyhansen.com,"https://maps.google.com?daddr=C.%20del%20Consell%20de%20Cent%2C%20298,+Barcelona,++08007,+ES",41.49451773,2.17850431
Forum Sport,933 56 26 70,"Avinguda Diagonal, 3",Barcelona,08019,,ES,http://www.forumsport.com,"https://maps.google.com?daddr=Avinguda%20Diagonal%2C%203,+Barcelona,++08019,+ES",41.41004400,2.21758460
Cuylás Barcelona Via Augusta/Amigó - Esquí,932 17 21 90,"Via Augusta, 37",Barcelona,08021,,ES,http://www.cuylas.com,"https://maps.google.com?daddr=Via%20Augusta%2C%2037,+Barcelona,++08021,+ES",41.39761700,2.14134150
BIG BANG,972 67 43 27,"C/ Sant Domenec, 3",Figueres,17600,GIRONA,ES,,"https://maps.google.com?daddr=C%2F%20Sant%20Domenec%2C%203,+Figueres,+GIRONA+17600,+ES",42.26800640,2.96165800
COSTA 1962,937 98 61 03,"RUA DIREITA, 44",Mataró,08302,Barcelona,ES,http://www.costa1962.com/,"https://maps.google.com?daddr=RUA%20DIREITA%2C%2044,+Matar%C3%B3,+Barcelona+08302,+ES",41.53646340,2.43905865
AMERICAN MAGIC,619 05 99 13,PG. JOAN DE BORBÓ NUM. 92,BARCELONA,08039,BARCELONA,ES,,"https://maps.google.com?daddr=PG.%20JOAN%20DE%20BORB%C3%93%20NUM.%2092,+BARCELONA,+BARCELONA+08039,+ES",41.37065776,2.18740724
ALCLA,971 09 49 06,C/ Mar 23,El Port de la Selva,17489,Girona,ES,https://www.instagram.com/alcla_nautica/?hl=es,"https://maps.google.com?daddr=C%2F%20Mar%2023,+El%20Port%20de%20la%20Selva,+Girona+17489,+ES",42.34127285,3.20354030
"Base, oficinas centrales",,Carrer de Sancho de Ávila,Barcelona,08018,BARCELONA,ES,,"https://maps.google.com?daddr=Carrer%20de%20Sancho%20de%20%C3%81vila,+Barcelona,+BARCELONA+08018,+ES",41.40194877,2.19425514
Penny Ell,937 88 38 95,"Carrer de la Font Vella, 54",Terrassa,08221,Barcelona,ES,https://www.peninagrup.com/es/tiendas/penny%C2%B7ell/,"https://maps.google.com?daddr=Carrer%20de%20la%20Font%20Vella%2C%2054,+Terrassa,+Barcelona+08221,+ES",41.56713300,2.01736100
TOT MODA SPORT,,"Ctra. C17, Km 53, Centre Comercial Esclat",Malla,08519,Barcelona,ES,,"https://maps.google.com?daddr=Ctra.%20C17%2C%20Km%2053%2C%20Centre%20Comercial%20Esclat,+Malla,+Barcelona+08519,+ES",41.884739,2.23891354
L. POINT,960 435 852,R. Dom Manuel Barbuda e Vasconcelos,Aveiro,3810-498,AVEIRO,PT,https://www.lpoint.pt/,"https://maps.google.com?daddr=R.%20Dom%20Manuel%20Barbuda%20e%20Vasconcelos,+Aveiro,+AVEIRO+3810-498,+PT",40.62806485,-8.64500480
L. POINT,968 799 756,Av. Prof. Dr. Egas Moniz,Castelo Branco,6000-901,CASTELO BRANCO,PT,https://www.lpoint.pt/,"https://maps.google.com?daddr=Av.%20Prof.%20Dr.%20Egas%20Moniz,+Castelo%20Branco,+CASTELO%20BRANCO+6000-901,+PT",39.81241215,-7.51287525
L. POINT,969 921 602,R. Dom José da Cruz Moreira Pinto 32,Viseu,3500-078,VISEU,PT,https://www.lpoint.pt/,"https://maps.google.com?daddr=R.%20Dom%20Jos%C3%A9%20da%20Cruz%20Moreira%20Pinto%2032,+Viseu,+VISEU+3500-078,+PT",40.66176035,-7.91372310
"O Rabanete - Salvador & Ribeiro, Lda",249 321 258,R. Amorim Rosa 49,Tomar,2300-451,SANTAREM,PT,,"https://maps.google.com?daddr=R.%20Amorim%20Rosa%2049,+Tomar,+SANTAREM+2300-451,+PT",39.60455760,-8.40786095
L. POINT,,ED. 7 ALAMEDA DA EUROPA,COVILHÃ,6200-546,CASTELO BRANCO,PT,https://www.lpoint.pt/,"https://maps.google.com?daddr=ED.%207%20ALAMEDA%20DA%20EUROPA,+COVILH%C3%83,+CASTELO%20BRANCO+6200-546,+PT",40.278667,-7.49503565
Enforma Deportes Salamanca,923 06 24 46,"Av. de Mirat, 21",Salamanca,37002,SALAMANCA,ES,https://www.enformadeportes.com/,"https://maps.google.com?daddr=Av.%20de%20Mirat%2C%2021,+Salamanca,+SALAMANCA+37002,+ES",40.96726036,-5.66257625
Base:Líder Equipamiento Deportivo S.L,918 51 73 73,"Av. de Honorio Lozano, 18",Collado Villalba,28400,Madrid,ES,,"https://maps.google.com?daddr=Av.%20de%20Honorio%20Lozano%2C%2018,+Collado%20Villalba,+Madrid+28400,+ES",40.62971440,-4.00304615
SCORER,918 11 42 81,"Cam. de Villaviciosa, 5",Navalcarnero,28600,Madrid,ES,https://scorer.es/,"https://maps.google.com?daddr=Cam.%20de%20Villaviciosa%2C%205,+Navalcarnero,+Madrid+28600,+ES",40.29127260,-4.00103890
Forum Sport,921 41 29 01,Calle de Guadarrama,Segovia,40006,,ES,http://www.forumsport.com,"https://maps.google.com?daddr=Calle%20de%20Guadarrama,+Segovia,++40006,+ES",40.92213580,-4.11267180
CONFECCIONES Y TEXTILES VIDAL SL,607 39 36 06,AVDA BARBER 36,TOLEDO,45004,Toledo,ES,https://vimodatoledo.es/tiendas-vidal/,"https://maps.google.com?daddr=AVDA%20BARBER%2036,+TOLEDO,+Toledo+45004,+ES",39.87156485,-4.03694395
CRONOS,925 86 99 46,POLIGONO UCOTA PARCELA 30-31,CAZALEGAS,45683,TOLEDO,ES,https://deportescronos.com/,"https://maps.google.com?daddr=POLIGONO%20UCOTA%20PARCELA%2030-31,+CAZALEGAS,+TOLEDO+45683,+ES",40.00941160,-4.67729685
Espaiboard,920 25 56 05,"C. de San Segundo, 36",Ávila,05001,Ávila,ES,https://www.espaistore.es/,"https://maps.google.com?daddr=C.%20de%20San%20Segundo%2C%2036,+%C3%81vila,+%C3%81vila+05001,+ES",40.65619091,-4.69761386
DEPORTES ALASKA,+34915611633,"C/ Cristóbal Bordiú, 10",Madrid,28003,MADRID,ES,https://www.deportesalaska.com/,"https://maps.google.com?daddr=C%2F%20Crist%C3%B3bal%20Bordi%C3%BA%2C%2010,+Madrid,+MADRID+28003,+ES",40.44310663,-3.70288607
DEPIQUE MADRID,914 11 79 25,"C. Valportillo Segunda, 8 BIS",Alcobendas,28108,Madrid,ES,,"https://maps.google.com?daddr=C.%20Valportillo%20Segunda%2C%208%20BIS,+Alcobendas,+Madrid+28108,+ES",40.53188135,-3.65548475
El Corte Inglés,916 49 65 35,"C. Puerto de Navacerrada, 2",Arroyomolinos,28939,Madrid,ES,https://www.elcorteingles.es/helly-hansen/deportes/,"https://maps.google.com?daddr=C.%20Puerto%20de%20Navacerrada%2C%202,+Arroyomolinos,+Madrid+28939,+ES",40.30004835,-3.92606400
El Almacén de la Nieve SL.,915 64 60 50,"Calle de Claudio Coello, 141",Madrid,28006,,ES,https://ansport.es/,"https://maps.google.com?daddr=Calle%20de%20Claudio%20Coello%2C%20141,+Madrid,++28006,+ES",40.43599290,-3.68548170
El Corte Inglés Pozuelo,+34917089200,"Carretera Naciona IV, KM 12,500",Pozuelo de Alarcon  (Madrid),28224,Madrid,ES,https://www.elcorteingles.es/helly-hansen/deportes/,"https://maps.google.com?daddr=Carretera%20Naciona%20IV%2C%20KM%2012%2C500,+Pozuelo%20de%20Alarcon%20%20%28Madrid%29,+Madrid+28224,+ES",40.45294952,-3.82167912
El Corte Inglés,914 54 60 00,"Calle de la Princesa, 56",Madrid,28008,,ES,https://www.elcorteingles.es/helly-hansen/deportes/,"https://maps.google.com?daddr=Calle%20de%20la%20Princesa%2C%2056,+Madrid,++28008,+ES",40.43016624,-3.71517609
El Corte Inglés,914 18 88 00,"Calle de Raimundo Fernández Villaverde, 79",Madrid,28003,,ES,https://www.elcorteingles.es/helly-hansen/deportes/,"https://maps.google.com?daddr=Calle%20de%20Raimundo%20Fern%C3%A1ndez%20Villaverde%2C%2079,+Madrid,++28003,+ES",40.44657663,-3.69348605
Hermobody S.L.,914 33 16 10,"Av. del Mediterráneo, 28",Madrid,28007,,ES,https://deportesmoya.es/,"https://maps.google.com?daddr=Av.%20del%20Mediterr%C3%A1neo%2C%2028,+Madrid,++28007,+ES",40.40684650,-3.67343120
El Corte Inglés,914 32 93 00,"Calle de Goya, 76",Madrid,28009,,ES,https://www.elcorteingles.es/helly-hansen/deportes/,"https://maps.google.com?daddr=Calle%20de%20Goya%2C%2076,+Madrid,++28009,+ES",40.42443662,-3.67482602
El Corte Inglés Sanchinarro,+34913848200,"Calle Margarita de Parma, 1",Madrid,28050,,ES,https://www.elcorteingles.es/helly-hansen/deportes/,"https://maps.google.com?daddr=Calle%20Margarita%20de%20Parma%2C%201,+Madrid,++28050,+ES",40.49767664,-3.66110600
El Corte Inglés,913 79 80 00,"Plaza de Callao, 2",Madrid,28013,,ES,https://www.elcorteingles.es/helly-hansen/deportes/,"https://maps.google.com?daddr=Plaza%20de%20Callao%2C%202,+Madrid,++28013,+ES",40.41951662,-3.70492607
LAMFORD CENTER,629 77 61 13,C/ SALVADOR DE MADARIAGA 3 LOCAL 42,SS DE LOS REYES,28072,MADRID,ES,,"https://maps.google.com?daddr=C%2F%20SALVADOR%20DE%20MADARIAGA%203%20LOCAL%2042,+SS%20DE%20LOS%20REYES,+MADRID+28072,+ES",40.55896720,-3.62619760
Lepanto Arte En Piel,915 47 41 19,"C. de Vergara, 6",Madrid,28013,MADRID,ES,,"https://maps.google.com?daddr=C.%20de%20Vergara%2C%206,+Madrid,+MADRID+28013,+ES",40.41767465,-3.71094985
El Corte Inglés,918 87 28 00,Avenida Juan Carlos I,Alcalá de Henares,28806,Madrid,ES,https://www.elcorteingles.es/helly-hansen/deportes/,"https://maps.google.com?daddr=Avenida%20Juan%20Carlos%20I,+Alcal%C3%A1%20de%20Henares,+Madrid+28806,+ES",40.48246633,-3.39493556
UNIXENCE,607 82 58 94,C/ General Díaz Porlier 16,Madrid,28001,MADRID,ES,https://unixence.com/es/,"https://maps.google.com?daddr=C%2F%20General%20D%C3%ADaz%20Porlier%2016,+Madrid,+MADRID+28001,+ES",40.42658890,-3.67684315
Cuylás Madrid,932 17 21 90,"Calle de Hermosilla, 75",Madrid,28001,Madrid,ES,http://www.cuylas.com,"https://maps.google.com?daddr=Calle%20de%20Hermosilla%2C%2075,+Madrid,+Madrid+28001,+ES",40.42621620,-3.68165066
Patrick Sport,913 72 84 92,"Av de la Victoria, 2",Madrid,28023,,ES,https://www.patricksport.com/,"https://maps.google.com?daddr=Av%20de%20la%20Victoria%2C%202,+Madrid,++28023,+ES",40.46791663,-3.81528625
Deportes Álvarez,914 44 86 08,"Calle de Diego de León, 56",Madrid,28006,,ES,https://www.a-alvarez.com/,"https://maps.google.com?daddr=Calle%20de%20Diego%20de%20Le%C3%B3n%2C%2056,+Madrid,++28006,+ES",40.43425080,-3.67744840
Sport 2001,913 32 48 56,"C. de los Montes de Toledo, 3",Madrid,28031,Madrid,ES,https://sport2001.com/,"https://maps.google.com?daddr=C.%20de%20los%20Montes%20de%20Toledo%2C%203,+Madrid,+Madrid+28031,+ES",40.37859402,-3.62225058
Ski Market,916 26 61 51,"C. Mónaco, 47",Las Rozas de Madrid,28232,Madrid,ES,https://skimarket.es/,"https://maps.google.com?daddr=C.%20M%C3%B3naco%2C%2047,+Las%20Rozas%20de%20Madrid,+Madrid+28232,+ES",40.50414800,-3.89280900
BASE ARANJUEZ,918 92 44 62,"C. del Almíbar, 65",Aranjuez,28300,Madrid,ES,,"https://maps.google.com?daddr=C.%20del%20Alm%C3%ADbar%2C%2065,+Aranjuez,+Madrid+28300,+ES",40.03262964,-3.60308300
Ferrán 1820,978 61 70 76,"C. Nueva, 2, 4",Teruel,44001,TERUEL,ES,http://ferran1820.es/index.php/moda-multimarca,"https://maps.google.com?daddr=C.%20Nueva%2C%202%2C%204,+Teruel,+TERUEL+44001,+ES",40.34251950,-1.10729000
Galerias La Esperanza,651 89 83 70,"Carrer la Tanda, 39",Borriana,12530,Castelló,ES,,"https://maps.google.com?daddr=Carrer%20la%20Tanda%2C%2039,+Borriana,+Castell%C3%B3+12530,+ES",39.88810680,-0.08205210
LIBERTY,964 48 07 26,"Av. España, 31",Peñiscola,12598,CASTELLON,ES,,"https://maps.google.com?daddr=Av.%20Espa%C3%B1a%2C%2031,+Pe%C3%B1iscola,+CASTELLON+12598,+ES",40.35941075,0.38347318
Shed Marks SL,964 44 08 16,"Carretera Castellón, s/n",Vilafranca,12150,Castelló,ES,https://www.shedmarks.es/,"https://maps.google.com?daddr=Carretera%20Castell%C3%B3n%2C%20s%2Fn,+Vilafranca,+Castell%C3%B3+12150,+ES",40.43009662,-0.25396416
EL MUR,964 45 13 96,"C/ Mayor, 35",Vinaros,12500,CASTELLON,ES,,"https://maps.google.com?daddr=C%2F%20Mayor%2C%2035,+Vinaros,+CASTELLON+12500,+ES",40.46998315,0.47627390
"La Ràpita Impacte Sports, S.L.U",977 91 63 16,"Carrer Sant Isidre, 111",La Ràpita,43540,Tarragona,ES,,"https://maps.google.com?daddr=Carrer%20Sant%20Isidre%2C%20111,+La%20R%C3%A0pita,+Tarragona+43540,+ES",40.61590260,0.58849265
BASE ALEGRE SPORTS,977 70 64 94,"Av. Catalunya, 359",L'Aldea,43896,TARRAGONA,ES,https://www.base.net/,"https://maps.google.com?daddr=Av.%20Catalunya%2C%20359,+L%27Aldea,+TARRAGONA+43896,+ES",40.75013750,0.62642850
BAYERRI,977 44 17 44,"Av. Generalitat, 49",Tortosa,43500,TARRAGONA,ES,http://bayerrihome.com/,"https://maps.google.com?daddr=Av.%20Generalitat%2C%2049,+Tortosa,+TARRAGONA+43500,+ES",40.81060005,0.52018695
MIRKO RASTIG,971 40 39 91,C/ Puig de ses Crestes 15,Palmanyola,07193,MALLORCA,ES,,"https://maps.google.com?daddr=C%2F%20Puig%20de%20ses%20Crestes%2015,+Palmanyola,+MALLORCA+07193,+ES",39.66354836,2.66833080
BoatCrew,662 16 84 93,"Avinguda de l'Argentina, 19",Palma,07013,Illes Balears,ES,http://www.dyreco.com/wp/,"https://maps.google.com?daddr=Avinguda%20de%20l%27Argentina%2C%2019,+Palma,+Illes%20Balears+07013,+ES",39.57059030,2.63925830
Intersport Elite,971 55 08 30,"Rambla del Rei en Jaume, 14",Manacor,07500,Illes Balears,ES,https://www.intersport.es/,"https://maps.google.com?daddr=Rambla%20del%20Rei%20en%20Jaume%2C%2014,+Manacor,+Illes%20Balears+07500,+ES",39.52366477,3.18982449
Sport King,971 45 82 88,"Carrer de la Indústria, 1",Palma,07013,Illes Balears,ES,http://www.sportkingpalma.com/,"https://maps.google.com?daddr=Carrer%20de%20la%20Ind%C3%BAstria%2C%201,+Palma,+Illes%20Balears+07013,+ES",39.57324680,2.64013690
El Corte Inglés Mallorca,+34627313465,"Avenida Alexander Roselló, 12-16",Palma de Mallorca,07002,España,ES,https://www.elcorteingles.es/helly-hansen/deportes/,"https://maps.google.com?daddr=Avenida%20Alexander%20Rosell%C3%B3%2C%2012-16,+Palma%20de%20Mallorca,+Espa%C3%B1a+07002,+ES",39.57343980,2.65662280
Cascais Marina,21 482 4800,MARINA DE CASCAIS LOJA 4,Cascais,2750-800,,PT,https://www.marinacascais.com/,"https://maps.google.com?daddr=MARINA%20DE%20CASCAIS%20LOJA%204,+Cascais,++2750-800,+PT",38.69283100,-9.41865800
L. POINT,21 250 9900,R. Sérgio Malpique,Almada,2810-500,LISBOA,PT,https://www.lpoint.pt/,"https://maps.google.com?daddr=R.%20S%C3%A9rgio%20Malpique,+Almada,+LISBOA+2810-500,+PT",38.66030490,-9.17489490
L. POINT,968 799 652,CENTRO COMERCIAL CAMPO PEQUENO,Lisboa,1000-082,LISBOA,PT,https://www.lpoint.pt/,"https://maps.google.com?daddr=CENTRO%20COMERCIAL%20CAMPO%20PEQUENO,+Lisboa,+LISBOA+1000-082,+PT",38.74258900,-9.14518410
L. POINT,968 799 056,Av. Descobertas 90,Loures,2670-579,LISBOA,PT,https://www.lpoint.pt/,"https://maps.google.com?daddr=Av.%20Descobertas%2090,+Loures,+LISBOA+2670-579,+PT",38.83439010,-9.15639085
L. POINT,927 455 510,R. Pedro de Santarém 29,Santarém,2000-223,SANTAREM,PT,https://www.lpoint.pt/,"https://maps.google.com?daddr=R.%20Pedro%20de%20Santar%C3%A9m%2029,+Santar%C3%A9m,+SANTAREM+2000-223,+PT",39.23302350,-8.68542955
L. POINT,930 582 110,R. Alto do Forte IC 19,Rio de Mouro,2635-018,LISBOA,PT,https://www.lpoint.pt/,"https://maps.google.com?daddr=R.%20Alto%20do%20Forte%20IC%2019,+Rio%20de%20Mouro,+LISBOA+2635-018,+PT",38.77625090,-9.33591934
L. POINT,968 799 642,Bairro do Nicho,Torres Novas,2350-464,SANTAREM,PT,https://www.lpoint.pt/,"https://maps.google.com?daddr=Bairro%20do%20Nicho,+Torres%20Novas,+SANTAREM+2350-464,+PT",39.46416465,-8.52375406
L. POINT,,RUA ALVES DEPOL 69,VILA FRANCA DE XIRA,2600-100,LISBOA,PT,https://www.lpoint.pt/,"https://maps.google.com?daddr=RUA%20ALVES%20DEPOL%2069,+VILA%20FRANCA%20DE%20XIRA,+LISBOA+2600-100,+PT",38.95542506,-8.98852908
L. POINT,,"E.N 3, KM 0.149",CARREGADO,2580-491,LISBOA,PT,https://www.lpoint.pt/,"https://maps.google.com?daddr=E.N%203%2C%20KM%200.149,+CARREGADO,+LISBOA+2580-491,+PT",39.030418,-8.981206
L. POINT,,R. da Azinheira,Montijo,2870-454,LISBOA,PT,https://www.lpoint.pt/,"https://maps.google.com?daddr=R.%20da%20Azinheira,+Montijo,+LISBOA+2870-454,+PT",38.692299,-8.941814
L. POINT,968 799 567,R. Luís Adelino Fonseca 2,Évora,7005-345,ÉVORA,PT,https://www.lpoint.pt/,"https://maps.google.com?daddr=R.%20Lu%C3%ADs%20Adelino%20Fonseca%202,+%C3%89vora,+%C3%89VORA+7005-345,+PT",38.54966155,-7.90505540
Rihu,284 325 527,R. da Liberdade 4,Beja,7860-000,BEJA,PT,https://rihu.pt,"https://maps.google.com?daddr=R.%20da%20Liberdade%204,+Beja,+BEJA+7860-000,+PT",38.01443096,-7.86424542
RIHU,,"RUA ASSOCIAÇÃO S.M. SANTANA E COSTA, 51, 51B-53",MOURA,7860-184,BEJA,PT,https://rihu.pt,"https://maps.google.com?daddr=RUA%20ASSOCIA%C3%87%C3%83O%20S.M.%20SANTANA%20E%20COSTA%2C%2051%2C%2051B-53,+MOURA,+BEJA+7860-184,+PT",38.14291400,-7.44982350
Rihu,266 709 055,R. de Aviz 30,Évora,7000-585,ÉVORA,PT,https://rihu.pt,"https://maps.google.com?daddr=R.%20de%20Aviz%2030,+%C3%89vora,+%C3%89VORA+7000-585,+PT",38.57333050,-7.91012240
INTERSPORT Everest,938 85 34 10,Verdaguer 9,Vich,08500,Barcelona,ES,,"https://maps.google.com?daddr=Verdaguer%209,+Vich,+Barcelona+08500,+ES",38.91200402,-6.33799751
HUNGARO,968 78 02 12,"Avda. de Levante, 55",JUMILLA,30520,MURCIA,ES,https://www.hungaroropa.com/,"https://maps.google.com?daddr=Avda.%20de%20Levante%2C%2055,+JUMILLA,+MURCIA+30520,+ES",38.47479795,-1.32256220
LEVIA,967 66 55 58,"C/ Tinte, 4",Albacete,02001,ALBACETE,ES,https://www.modalevia.com/en/,"https://maps.google.com?daddr=C%2F%20Tinte%2C%204,+Albacete,+ALBACETE+02001,+ES",38.99318005,-1.85687055
New Manhattan - Ropa Moda Almansa,967 08 00 53,"C. Corredera, 4",Almansa,02640,Albacete,ES,https://www.newmanhattan.es/,"https://maps.google.com?daddr=C.%20Corredera%2C%204,+Almansa,+Albacete+02640,+ES",38.86830500,-1.09740545
TOVARSPORT S.A,639 67 81 20,CC THADER,CHURRA,30110,MURCIA,ES,https://www.intersport.es/,"https://maps.google.com?daddr=CC%20THADER,+CHURRA,+MURCIA+30110,+ES",38.03210100,-1.14917700
Roger Company,968 71 70 72,"Pasaje Adarve, 31",Murcia,30001,,ES,https://roger-company.negocio.site/,"https://maps.google.com?daddr=Pasaje%20Adarve%2C%2031,+Murcia,++30001,+ES",38.00211000,-1.48522800
El Corte Inglés de Alicante Edificio 1,965 92 50 01,"Av. Maisonnave, 53",Alicante (Alacant),03003,Alicante,ES,https://www.elcorteingles.es/helly-hansen/deportes/,"https://maps.google.com?daddr=Av.%20Maisonnave%2C%2053,+Alicante%20%28Alacant%29,+Alicante+03003,+ES",38.34345920,-0.49024895
D.Moda&Complements,681 95 45 50,"C/ Sant Francesc, 36",Callosa d'en Sarrià,03510,Alicante,ES,,"https://maps.google.com?daddr=C%2F%20Sant%20Francesc%2C%2036,+Callosa%20d%27en%20Sarri%C3%A0,+Alicante+03510,+ES",38.65064925,-0.12345055
Intersport,961 92 03 37,"Autovía del Este, A-3",valencia,46960,Valencia,ES,,"https://maps.google.com?daddr=Autov%C3%ADa%20del%20Este%2C%20A-3,+valencia,+Valencia+46960,+ES",39.45952170,-0.49271340
Fernando Cano Ropa Hombre,965 54 47 13,"C/ Mossèn Torregrosa, 7",Alcoi,03801,Alicante,ES,,"https://maps.google.com?daddr=C%2F%20Moss%C3%A8n%20Torregrosa%2C%207,+Alcoi,+Alicante+03801,+ES",38.69753495,-0.47435960
LOIX SPORT S.L.,605 80 31 64,"Plaça de la Creu, 4",BENIDORM,03501 ,Alicante,ES,,"https://maps.google.com?daddr=Pla%C3%A7a%20de%20la%20Creu%2C%204,+BENIDORM,+Alicante+03501 ,+ES",38.53689615,-0.12931845
Deportes Alvarado,963 92 30 34,"Carrer del Mar, 27",València,46003,Valencia,ES,https://deportesalvarado.com/,"https://maps.google.com?daddr=Carrer%20del%20Mar%2C%2027,+Val%C3%A8ncia,+Valencia+46003,+ES",39.47734617,-0.37578955
Ferragud,962 87 11 61,"Carrer del Duc Alfons el Vell, 24",Gandia,46701,Valencia,ES,https://www.ferragud.es/,"https://maps.google.com?daddr=Carrer%20del%20Duc%20Alfons%20el%20Vell%2C%2024,+Gandia,+Valencia+46701,+ES",38.96539850,-0.18059540
PASCUAL LAFUENTE S.L.U.,607 27 69 67,C/ FONTANEROS 30 1-4,SANTA POLA,03130,ALICANTE,ES,,"https://maps.google.com?daddr=C%2F%20FONTANEROS%2030%201-4,+SANTA%20POLA,+ALICANTE+03130,+ES",38.20938775,-0.57459060
Galerías Aitana,965 83 27 29,"Av. Gabriel Miró, 13",Calpe,03710,Alicante,ES,https://www.galerias-aitana.es/,"https://maps.google.com?daddr=Av.%20Gabriel%20Mir%C3%B3%2C%2013,+Calpe,+Alicante+03710,+ES",38.64347900,0.04817600
ROCA BOUTIQUE,965 84 14 59,"Avinguda Rei en Jaume I, 21",Altea,03590,VALENCIA,ES,,"https://maps.google.com?daddr=Avinguda%20Rei%20en%20Jaume%20I%2C%2021,+Altea,+VALENCIA+03590,+ES",38.60179260,-0.04762160
mercury,965 29 77 25,"Av. de la Llibertat, 4",Platja de l'Arenal,03738,Alicante,ES,,"https://maps.google.com?daddr=Av.%20de%20la%20Llibertat%2C%204,+Platja%20de%20l%27Arenal,+Alicante+03738,+ES",38.77333350,0.18703994
El Corte Inglés Pintor sorolla,+34963159500,Carrer del Pintor Sorolla 26,València,46002,Valencia,ES,https://www.elcorteingles.es/helly-hansen/deportes/,"https://maps.google.com?daddr=Carrer%20del%20Pintor%20Sorolla%2026,+Val%C3%A8ncia,+Valencia+46002,+ES",39.47128647,-0.37136608
El Corte Inglés Avda. de Francia,90037900,Carrer del Pintor Maella 37,València,46023,Valencia,ES,https://www.elcorteingles.es/helly-hansen/deportes/,"https://maps.google.com?daddr=Carrer%20del%20Pintor%20Maella%2037,+Val%C3%A8ncia,+Valencia+46023,+ES",39.46950720,-0.37214910
VALENCIA JET NAUTICA,722 28 62 73,"C/ de Francesc Cubells, 44",València,46011,Valencia,ES,https://valenciajetnautica.com/,"https://maps.google.com?daddr=C%2F%20de%20Francesc%20Cubells%2C%2044,+Val%C3%A8ncia,+Valencia+46011,+ES",39.46294055,-0.33226835
4sail Nautica,634 42 55 11,C Náutico Santa Pola,Santa Pola,03130,Alicante,ES,,"https://maps.google.com?daddr=C%20N%C3%A1utico%20Santa%20Pola,+Santa%20Pola,+Alicante+03130,+ES",38.19236400,-0.55554600
ANCOMARO,610 43 19 67,"Av. del Port, 19",Calpe,03710,Alicante,ES,,"https://maps.google.com?daddr=Av.%20del%20Port%2C%2019,+Calpe,+Alicante+03710,+ES",38.63921291,0.07050061
Albir Sport,966 86 72 75,"Av de l'Albir, 34",El Albir,03581,Alicante,ES,,"https://maps.google.com?daddr=Av%20de%20l%27Albir%2C%2034,+El%20Albir,+Alicante+03581,+ES",38.57154632,-0.06821119
Wannasneakers CC Portal de la Marina,966 47 73 64,"Av. Costa Blanca, 1",Ondara,03760,Alicante,ES,https://www.freshshoes.es/,"https://maps.google.com?daddr=Av.%20Costa%20Blanca%2C%201,+Ondara,+Alicante+03760,+ES",38.81720000,0.02054000
Zapatos y Accesorios Tiendas FRESH SHOES,966 49 25 85,"Carrer de les Tosqueres, 9",Moraira,03724,Alicante,ES,https://www.freshshoes.es/,"https://maps.google.com?daddr=Carrer%20de%20les%20Tosqueres%2C%209,+Moraira,+Alicante+03724,+ES",38.68775000,0.13302000
Nauticmar,623 12 41 81,"Av. Zodiaco, 31",Alicante (Alacant),03006,Alicante,ES,https://nauticmar.com/gb/,"https://maps.google.com?daddr=Av.%20Zodiaco%2C%2031,+Alicante%20%28Alacant%29,+Alicante+03006,+ES",38.34906700,-0.52419100
Fresh Shoes,965 83 82 64,"Av. Gabriel Miró, 7",Calpe,03710,Alicante,ES,https://www.freshshoes.es/,"https://maps.google.com?daddr=Av.%20Gabriel%20Mir%C3%B3%2C%207,+Calpe,+Alicante+03710,+ES",38.64387000,0.04725000
VISTETOT,963 66 37 53,"Camí de Montcada, 114",València,46019,Valencia,ES,,"https://maps.google.com?daddr=Cam%C3%AD%20de%20Montcada%2C%20114,+Val%C3%A8ncia,+Valencia+46019,+ES",39.49595850,-0.38065240
ESPORT DEVAL,606 88 07 35,"Avinguda al Vedat, 105",Torrent,46900,Valencia,ES,,"https://maps.google.com?daddr=Avinguda%20al%20Vedat%2C%20105,+Torrent,+Valencia+46900,+ES",39.43170695,-0.47291800
ACTUAL AVENIDA,986 10 24 14,Avda. Jaime I,ALTEA,03590,ALICANTE,ES,http://www.actual-altea.com/,"https://maps.google.com?daddr=Avda.%20Jaime%20I,+ALTEA,+ALICANTE+03590,+ES",38.60180096,-0.04737076
ALBIR,966 47 73 64,AVDA. ALBIR 61,ALBIR,03581,ALICANTE,ES,,"https://maps.google.com?daddr=AVDA.%20ALBIR%2061,+ALBIR,+ALICANTE+03581,+ES",38.58176421,-0.06815119
BND SPORT COMPANY S.L,965 46 12 37,C/ Concepción Areval 2,VILLENA,03400,ALICANTE,ES,,"https://maps.google.com?daddr=C%2F%20Concepci%C3%B3n%20Areval%202,+VILLENA,+ALICANTE+03400,+ES",38.63181960,-0.86122060
TU STREETWEAR MORAIRA,966 49 00 01,"Calle del Dr. Calatayud, 12",Moraira,03724,Alicante,ES,https://www.facebook.com/people/TU-Streetwear/100057623103816/,"https://maps.google.com?daddr=Calle%20del%20Dr.%20Calatayud%2C%2012,+Moraira,+Alicante+03724,+ES",38.68745050,0.13504490
Olegario,963 51 97 17,"C. de Sant Vicent Màrtir, 17",València,46002,,ES,https://www.olegario.es/,"https://maps.google.com?daddr=C.%20de%20Sant%20Vicent%20M%C3%A0rtir%2C%2017,+Val%C3%A8ncia,++46002,+ES",39.47248000,-0.37672000
Náutica Noguera SL,965 78 07 78,"Carrer Castell d'Olimbroi, 9",Dénia,03700,Alicante,ES,http://www.nauticanoguera.com,"https://maps.google.com?daddr=Carrer%20Castell%20d%27Olimbroi%2C%209,+D%C3%A9nia,+Alicante+03700,+ES",38.84013000,0.11404600
Primichi Stores - Oficinas,966 35 06 91,C/ MOLINOU S/N NAVE 16,Mutxamiel,03110,Alicante,ES,https://www.primichi.com/,"https://maps.google.com?daddr=C%2F%20MOLINOU%20S%2FN%20NAVE%2016,+Mutxamiel,+Alicante+03110,+ES",38.41344500,-0.44515000
Intersport Rull,962 38 20 03,"Calle del Músico Martínez Valls, 4",Ontinyent,46870,Valencia,ES,https://www.intersport.es/,"https://maps.google.com?daddr=Calle%20del%20M%C3%BAsico%20Mart%C3%ADnez%20Valls%2C%204,+Ontinyent,+Valencia+46870,+ES",38.82279325,-0.60485808
Trànsit,971 30 36 92,"C/ d'Aragó, 45",Eivissa,07800,Illes Balears,ES,,"https://maps.google.com?daddr=C%2F%20d%27Arag%C3%B3%2C%2045,+Eivissa,+Illes%20Balears+07800,+ES",38.90906932,1.42779122
Náutica Ereso,+34971314122,"Avinguda de Santa Eulària des Riu, 23",Eivissa,07800,Illes Balears,ES,https://nauticaereso.com/,"https://maps.google.com?daddr=Avinguda%20de%20Santa%20Eul%C3%A0ria%20des%20Riu%2C%2023,+Eivissa,+Illes%20Balears+07800,+ES",38.91269920,1.43457560
El Corte Inglés Sevilla,+34670373148,"Plaza del Duque de la Victoria, 6",Sevilla,41002,Andalucia,ES,https://www.elcorteingles.es/helly-hansen/deportes/,"https://maps.google.com?daddr=Plaza%20del%20Duque%20de%20la%20Victoria%2C%206,+Sevilla,+Andalucia+41002,+ES",37.39281613,-5.99619982
El Corte Inglés,952 07 65 00,"Av. de Andalucía, 4",Málaga,29007,,ES,https://www.elcorteingles.es/helly-hansen/deportes/,"https://maps.google.com?daddr=Av.%20de%20Andaluc%C3%ADa%2C%204,+M%C3%A1laga,++29007,+ES",36.71736016,-4.42797725
Intersport Sports Cary,952 16 18 10,"Carrera Espinel, 92",Ronda,29400,Málaga,ES,https://www.intersport.es/,"https://maps.google.com?daddr=Carrera%20Espinel%2C%2092,+Ronda,+M%C3%A1laga+29400,+ES",36.74342578,-5.16400009
Hros. Antonio Moya Barrionuevo,952 38 00 30,C. Manuel Franco Cubeiro,Torremolinos,29620,Málaga,ES,,"https://maps.google.com?daddr=C.%20Manuel%20Franco%20Cubeiro,+Torremolinos,+M%C3%A1laga+29620,+ES",36.61293530,-4.51740230
ZSO Surf Snow,951 15 78 73,"C. Pedro de Paz, 2",Málaga,29006,,ES,,"https://maps.google.com?daddr=C.%20Pedro%20de%20Paz%2C%202,+M%C3%A1laga,++29006,+ES",36.70853770,-4.44263770
D´GRANADA SOUVENIRS,660 81 18 19,"C. Oficios, 12",Granada,18001,,ES,https://dgranada.com/,"https://maps.google.com?daddr=C.%20Oficios%2C%2012,+Granada,++18001,+ES",37.17597690,-3.59858700
ANTONIO GOMEZ,646 12 94 32,"C/ Cervantes, 1",Motril,18600,GRANADA,ES,https://www.camisaslavespitamotril.es/,"https://maps.google.com?daddr=C%2F%20Cervantes%2C%201,+Motril,+GRANADA+18600,+ES",36.74641205,-3.51833400
Nivalis - Ski and Mountain,958 48 78 08,"Carretera de Sierra Nevada, 93","Cenes de la Vega, Granada",18190,Granada,ES,https://www.tiendasnivalis.com/,"https://maps.google.com?daddr=Carretera%20de%20Sierra%20Nevada%2C%2093,+Cenes%20de%20la%20Vega%2C%20Granada,+Granada+18190,+ES",37.15781100,-3.53122400
Deportes la Imperial,958 52 34 77,"Calle Mesones, 29",Granada,18001,Spain,ES,,"https://maps.google.com?daddr=Calle%20Mesones%2C%2029,+Granada,+Spain+18001,+ES",37.17461609,-3.60043590
Maria Carmen Lopez Canton,647 75 91 92,"C. la Goleta, 17",El Ejido,04711,Almería,ES,,"https://maps.google.com?daddr=C.%20la%20Goleta%2C%2017,+El%20Ejido,+Almer%C3%ADa+04711,+ES",36.69875370,-2.79131400
INOXIDABLES HISPANIA,968 92 85 68,C/ Uruguay - Parcela 8-28 C,Alcantarilla,30820,Murcia,ES,,"https://maps.google.com?daddr=C%2F%20Uruguay%20-%20Parcela%208-28%20C,+Alcantarilla,+Murcia+30820,+ES",37.95983000,-1.19838000
Confección Lomen,968 50 67 27,"C/ Canales, 7",Cartagena,30201,Murcia,ES,https://www.lomencartagena.com/,"https://maps.google.com?daddr=C%2F%20Canales%2C%207,+Cartagena,+Murcia+30201,+ES",37.60420670,-0.98896990
Urban Sport Center Torrevieja,966 92 77 19,Pso. Juan Aparicio 11,Torrevieja,03182,Alicante,ES,,"https://maps.google.com?daddr=Pso.%20Juan%20Aparicio%2011,+Torrevieja,+Alicante+03182,+ES",37.97520622,-0.67446111
La Milla de Oro Zenia,677 06 92 51,"C. Jade, Local 76",Dehesa de Campoamor,03189,Alicante,ES,,"https://maps.google.com?daddr=C.%20Jade%2C%20Local%2076,+Dehesa%20de%20Campoamor,+Alicante+03189,+ES",37.92933850,-0.73491470
La Boutique del Navegante,620 83 87 75,Av. de las Salinas,San Pedro del Pinatar,30740,Murcia,ES,,"https://maps.google.com?daddr=Av.%20de%20las%20Salinas,+San%20Pedro%20del%20Pinatar,+Murcia+30740,+ES",37.83400000,-0.78399000
Deportes Román,968 57 98 98,"Av. de la Estación, 31",Torre-Pacheco,30700,Murcia,ES,http://deportesroman.com/,"https://maps.google.com?daddr=Av.%20de%20la%20Estaci%C3%B3n%2C%2031,+Torre-Pacheco,+Murcia+30700,+ES",37.74422618,-0.95778157
Pasgar Sport,966 28 66 15,"P.º Juan Aparicio, Nº 6",Torrevieja,03182,Alicante,ES,http://www.pasgarsport.com/,"https://maps.google.com?daddr=P.%C2%BA%20Juan%20Aparicio%2C%20N%C2%BA%206,+Torrevieja,+Alicante+03182,+ES",37.97471100,-0.67646900
HIPO CAMPS,,"C.C. Bahía Sur, Loc. C-48-49",SAN FERNANDO,11100,CADIZ,ES,,"https://maps.google.com?daddr=C.C.%20Bah%C3%ADa%20Sur%2C%20Loc.%20C-48-49,+SAN%20FERNANDO,+CADIZ+11100,+ES",36.46859654,-6.20315578
HELLY HANSEN Tarifa,956 68 53 77,N-340 KM 83,Tarifa,11380,Cádiz,ES,,"https://maps.google.com?daddr=N-340%20KM%2083,+Tarifa,+C%C3%A1diz+11380,+ES",36.01408200,-5.60441300
Intersport,952 80 22 36,"Calle Terraza, 42",Estepona,29680,Málaga,ES,https://www.intersport.es/tiendas?storeID=00204564,"https://maps.google.com?daddr=Calle%20Terraza%2C%2042,+Estepona,+M%C3%A1laga+29680,+ES",36.42723597,-5.14528430
J M Blau S L,956 51 39 14,"C. Camoens, 7",Ceuta,51001,,ES,https://www.instagram.com/jm_blau/?igshid=rq3fg677zcsk,"https://maps.google.com?daddr=C.%20Camoens%2C%207,+Ceuta,++51001,+ES",35.88750400,-5.30968920
Outlet Sport,956 52 41 01,"Av. Martínez Catena, 102",Ceuta,51002,CEUTA,ES,,"https://maps.google.com?daddr=Av.%20Mart%C3%ADnez%20Catena%2C%20102,+Ceuta,+CEUTA+51002,+ES",35.88412187,-5.31772832
La Escocesa,956 17 02 96,"C. Real, 12",La Línea de la Concepción,11300,Cádiz,ES,https://www.laescocesa.es/,"https://maps.google.com?daddr=C.%20Real%2C%2012,+La%20L%C3%ADnea%20de%20la%20Concepci%C3%B3n,+C%C3%A1diz+11300,+ES",36.16648500,-5.34904800
INDUSTRIA BLANCO ROPERO S.L.,956 57 45 70,"Lorena, 10",Algeciras,11206,Cádiz,ES,,"https://maps.google.com?daddr=Lorena%2C%2010,+Algeciras,+C%C3%A1diz+11206,+ES",36.11228890,-5.47102560
Maszapatillas,956 65 20 44,"C. Regino Martínez, 15",Algeciras,11201,Cádiz,ES,https://maszapatillas.com/gb/,"https://maps.google.com?daddr=C.%20Regino%20Mart%C3%ADnez%2C%2015,+Algeciras,+C%C3%A1diz+11201,+ES",36.13255000,-5.44861000
Intersport Empire,956 51 54 41,"P.º de la Marina Española, 14",Ceuta,51001,,ES,https://www.intersport.es/,"https://maps.google.com?daddr=P.%C2%BA%20de%20la%20Marina%20Espa%C3%B1ola%2C%2014,+Ceuta,++51001,+ES",36.05090135,-5.26677583
ASACO 19 S.L.U.,670 38 64 52,"C. Aurora, 37",La Línea de la Concepción,11300,Cádiz,ES,http://www.sportasaco.com,"https://maps.google.com?daddr=C.%20Aurora%2C%2037,+La%20L%C3%ADnea%20de%20la%20Concepci%C3%B3n,+C%C3%A1diz+11300,+ES",36.16343745,-5.35263395
EL CORTE INGLES/HH MARBELLA,909 22 44 11,"CALLE RAMÓN ARECES, S/N",MARBELLA,29006,MALAGA,ES,https://www.elcorteingles.es/helly-hansen/deportes/,"https://maps.google.com?daddr=CALLE%20RAM%C3%93N%20ARECES%2C%20S%2FN,+MARBELLA,+MALAGA+29006,+ES",36.49056910,-4.95254350
FERNANDO RODRIGUEZ CONTRERAS,856 66 49 46,CALLE REAL 59,CEUTA,51001,CEUTA,ES,,"https://maps.google.com?daddr=CALLE%20REAL%2059,+CEUTA,+CEUTA+51001,+ES",35.88941605,-5.30346310
PROMARINA CENTER,699 19 43 57,PUERTO DEPORTIVO ALCAIDESA,LA LINEA,11300,Cadiz,ES,https://www.nauticapromarina.com/es/,"https://maps.google.com?daddr=PUERTO%20DEPORTIVO%20ALCAIDESA,+LA%20LINEA,+Cadiz+11300,+ES",36.168255,-5.349472
Base Sport Center,952 69 00 48,"Av de Rey Juan Carlos, 25",MELILLA,52001 ,MELILLA,ES,https://sportcentermelilla.es/,"https://maps.google.com?daddr=Av%20de%20Rey%20Juan%20Carlos%2C%2025,+MELILLA,+MELILLA+52001 ,+ES",35.29332846,-2.94257552
Pura Raza,952 68 39 75,"C. Gral. Prim, 22",Melilla,52001,,ES,,"https://maps.google.com?daddr=C.%20Gral.%20Prim%2C%2022,+Melilla,++52001,+ES",35.28935000,-2.94076500
FOOT ON MARS,,"C/ O' DONNELL, 4",MELILLA,52001,MELILLA,ES,https://www.footonmars.com/,"https://maps.google.com?daddr=C%2F%20O%27%20DONNELL%2C%204,+MELILLA,+MELILLA+52001,+ES",35.29306,-2.94013524
TODODEPORTE-INTERSPORT,928 80 16 71,"C/ Francos, 10",Arrecife d/Lanzarote,33500,Canarias,ES,https://www.intersport.es/,"https://maps.google.com?daddr=C%2F%20Francos%2C%2010,+Arrecife%20d%2FLanzarote,+Canarias+33500,+ES",28.96516940,-13.55503630
Central de Estadio Sport,928 63 45 63,"C. los Agapantos, 7",Arucas,35413,Las Palmas,ES,https://estadiosport.net/,"https://maps.google.com?daddr=C.%20los%20Agapantos%2C%207,+Arucas,+Las%20Palmas+35413,+ES",28.13279390,-15.49184671
El Corte Inglés,928 26 30 00,"Av. José Mesa y López, 18",Las Palmas de Gran Canaria,35007,Las Palmas,ES,https://www.elcorteingles.es/helly-hansen/deportes/,"https://maps.google.com?daddr=Av.%20Jos%C3%A9%20Mesa%20y%20L%C3%B3pez%2C%2018,+Las%20Palmas%20de%20Gran%20Canaria,+Las%20Palmas+35007,+ES",28.13446096,-15.43125283
Marmare,928 29 63 52,"C. Joaquín Blanco Torrent, 23",Las Palmas de Gran Canaria,35004,Las Palmas,ES,http://www.marmare.es,"https://maps.google.com?daddr=C.%20Joaqu%C3%ADn%20Blanco%20Torrent%2C%2023,+Las%20Palmas%20de%20Gran%20Canaria,+Las%20Palmas+35004,+ES",28.12240000,-15.42442000
ALLSPORT,965 015 229,"C.C. Libano - Loja N.1, Rua de Igreja Nova",Caniçal,9200-032,MADEIRA,PT,,"https://maps.google.com?daddr=C.C.%20Libano%20-%20Loja%20N.1%2C%20Rua%20de%20Igreja%20Nova,+Cani%C3%A7al,+MADEIRA+9200-032,+PT",32.73808265,-16.73772909
NOVA MINERVA,,"RUA DA ALFANDEGA, 31",FUNCHAL,9000-049,MADEIRA,PT,https://www.novaminerva.com/,"https://maps.google.com?daddr=RUA%20DA%20ALFANDEGA%2C%2031,+FUNCHAL,+MADEIRA+9000-049,+PT",32.647648,-16.907646
SNIPER OUTDOOR - MADALENA,,LARGO CARDEAL COSTA NUNES Nº8 R/C ANTIGO LARGO 5 DE OUTUBRO,MADALENA,9950-324,AÇORES,PT,,"https://maps.google.com?daddr=LARGO%20CARDEAL%20COSTA%20NUNES%20N%C2%BA8%20R%2FC%20ANTIGO%20LARGO%205%20DE%20OUTUBRO,+MADALENA,+A%C3%87ORES+9950-324,+PT",38.532642,-28.529964
